recipe_name,ingredient_text,number_of_servings,calories,protein,protein_density,num_vegetable_servings,ingredient_embedding,target
Sweet Potato Oven Fries,cayenne coconut oil corn starch salt sucanat sweet potatoes taco seasoning,6,272,4,0.0147058823529411,1,"[-0.14578418 -0.39821    -0.54592692  0.41526503  0.38645264  0.12091773
 -0.24844146 -0.0189631   0.11714182  0.25316764  0.06721818  0.12376955
  0.96718927 -0.41009001  0.03214728  0.17379927 -0.02616509  0.44606728
 -0.10375636 -0.72461273  0.12547455 -0.51579355  1.11951911 -0.02766946
 -0.43946192 -0.073616    0.125289    0.74224636  1.2458809   0.03171637
  1.43620272 -0.28463428 -0.40361218  0.99345747  0.24478691  0.03963609
 -0.82923726  0.59190382  0.92009182 -0.162372    0.46263791  0.07670045
 -0.15081436 -0.26604727  0.73926728  0.99862545 -0.08431455  0.07899269
 -0.16035127  0.02846364]",1.0294117647058822
Garlic & Spice Plantain Chips,plantains olive oil garlic powder paprika cumin cayenne pepper salt,8,88,1,0.0113636363636363,1,"[-2.2030100e-01  1.8852599e-01 -4.2624703e-01  4.1032642e-01
  5.5236191e-01  2.1522000e-01  1.7561631e-01  1.8557449e-01
 -2.3748851e-01  3.3737712e-03 -2.8682012e-02  8.5105099e-02
  9.9648726e-01 -4.7580022e-01 -2.2345240e-01 -2.5411642e-01
 -4.2699099e-02  5.6388795e-01 -4.7060394e-01 -7.6862895e-01
 -1.0422945e-03 -3.9427391e-01  1.6698611e+00  5.2522101e-02
 -8.6449736e-01 -1.4622800e-01  6.2450206e-01  9.7559202e-01
  1.4619070e+00 -7.7431992e-02  1.1027830e+00 -1.6874039e-01
 -5.7733703e-01  5.8290958e-01  1.4876291e-01  1.7703979e-01
 -1.2082479e+00  5.1925617e-01  9.5023000e-01 -1.9853520e-01
  1.1480089e+00  7.4333802e-02  3.1673738e-01 -6.5356100e-01
  1.0223138e+00  1.1156770e+00 -2.6917800e-02  7.8368559e-02
 -3.0732930e-01 -1.3085698e-01]",1.0227272727272727
Kohlrabi Fries with Curry Ketchup,kohlrabi oil ground paprika curry powder salt and pepper tomato paste water apple vinegar favorite curry powder sugar mustard garlic powder soy sauce paprika powder chili flakes,2,149,4,0.0268456375838926,2,"[-0.30090517  0.12233438 -0.41908562  0.45294553  0.34718776  0.28234628
 -0.05855693  0.02136644 -0.0939043   0.2161851   0.03183955  0.14585632
  0.860014   -0.24610125 -0.03032032 -0.00665718 -0.09775166  0.45283332
 -0.431921   -0.7315522   0.11158022 -0.32048756  1.6650777   0.09951415
 -0.65264064 -0.3302347   0.21482241  0.85077995  1.1877385  -0.15393707
  1.4901406  -0.26094267 -0.52177954  0.5554194   0.3505419   0.21128415
 -0.82026947  0.62049747  1.0045277  -0.16007768  0.76749426  0.11328592
  0.05591552 -0.3468741   0.9676647   0.9204852   0.07998525 -0.02432586
 -0.00323289 -0.07324525]",2.053691275167785
Crispy Zucchini Fries,zucchinis coconut flour onion powder salt,6,120,5,0.0416666666666666,1,"[-2.8558323e-01  3.1370667e-01 -1.8382500e-01  2.9411396e-01
  2.8740835e-01  3.1590798e-01  8.5216109e-04 -2.1893164e-02
 -1.2923168e-01 -6.8631545e-02 -3.2404500e-01 -2.0839015e-02
  1.0698416e+00 -2.0206700e-01 -1.8581985e-01  7.7691168e-02
  7.7436499e-02  6.2952167e-01 -1.9621666e-01 -6.5112495e-01
  3.0052337e-01 -5.5744147e-01  1.7978916e+00  7.1031176e-02
 -6.9673663e-01  2.2148763e-01  2.3408717e-01  1.0988051e+00
  1.2543100e+00 -2.3119168e-01  1.1392666e+00 -3.0346835e-01
 -4.2018500e-01  8.0330938e-01  1.7325133e-01  3.9854667e-01
 -8.2722664e-01  6.9618338e-01  1.0150967e+00 -1.6406987e-02
  6.3425213e-01 -1.8380666e-01 -2.5399005e-02 -1.2938167e-01
  6.3018996e-01  9.3794340e-01 -1.1053165e-01 -7.5929888e-02
 -5.4955006e-02 -4.8112264e-01]",1.0833333333333333
Buttered Plantain Fries and Seasoned Avocado,avocado butter chili pepper garlic onions to garnish plantain salt vegetable oil,3,555,3,0.0054054054054054,5,"[-0.11504141 -0.10176715 -0.5718176   0.28838667  0.6875541   0.27814433
  0.0992767   0.13257666 -0.3411925  -0.00926101 -0.2992455   0.25330082
  1.033255   -0.06731191  0.01609017 -0.12281991  0.10147592  0.37550643
 -0.09176917 -0.87242246  0.2900288  -0.8839933   1.3704867   0.07560199
 -0.6352663  -0.1802395   0.53870946  0.8669576   1.179655   -0.26555339
  1.6498326  -0.11412332 -0.3564527   0.802021    0.06809787  0.39421085
 -0.97844666  0.6775337   1.0392884  -0.28585887  0.50647205  0.19463933
 -0.0318235  -0.5156514   0.9733799   1.1383591  -0.00503958 -0.10043528
 -0.15665682 -0.03788907]",5.010810810810811
Baked Sweet Potato Fries,margarine nutmeg t seasoned salt smalls sweet potatoes,1,496,7,0.0141129032258064,1,"[-0.29117864  0.2404291  -0.36112627  0.20834754  0.49521872  0.389684
  0.06275538  0.11191252 -0.4203254   0.05272499 -0.15313032  0.39467
  0.452685   -0.207154   -0.15084653  0.12489225  0.2361875   0.4718275
 -0.1203205  -0.5848775   0.13580221 -0.16456112  1.3193849   0.11129921
 -0.64574635 -0.10545251 -0.06588339  0.6094575   1.0177755  -0.08571099
  1.1582224   0.00777786 -0.14797875  0.8167628   0.19379751  0.0441025
 -0.76456976  0.34850377  0.8827225  -0.46707273  0.63336676 -0.08901475
 -0.10037725 -0.05093     0.8703825   0.6029387  -0.09017502 -0.04184693
 -0.13064274  0.13226487]",1.0282258064516128
Crispy Baked Green Bean Fries,almond meal black pepper cayenne pepper eggs fresh green beans garlic powder onion powder,2,1355,64,0.0472324723247232,1,"[-0.15096357  0.17708585 -0.46198717  0.11447905  0.65065557  0.4074715
 -0.23160645 -0.17326614 -0.20434757 -0.04764768 -0.27128342 -0.04751472
  0.95366436 -0.13196793 -0.00219215 -0.09224651 -0.06659728  0.41127828
 -0.50557625 -0.9010572   0.00348014 -0.26940683  1.5921385   0.08964801
 -0.75308084 -0.25471064  0.3066891   1.0166178   1.1360263  -0.23599207
  1.6815494  -0.19493029 -0.67452     0.6334399   0.2129235   0.33361912
 -0.8085514   0.42106518  0.9111938  -0.4306249   0.7515723   0.08672249
 -0.11394671 -0.34144646  1.144208    0.8832782   0.15002277 -0.20136435
 -0.07083619 -0.12488001]",1.0944649446494463
Baked Sweet Chili Carrot Fries,carrots olive oil salt agave nectar paprika onion powder garlic powder chili powder bell pepper,4,151,2,0.0132450331125827,1,"[-7.1182080e-02  4.0654528e-01 -3.6907390e-01  2.8174755e-01
  4.7237131e-01  3.3310196e-01 -5.5924635e-03 -3.8648006e-02
 -1.1446794e-01  2.6131946e-01 -6.2291358e-02  1.4352386e-01
  1.0417386e+00 -2.0372720e-01 -1.5283047e-01 -7.6224200e-02
 -8.8008665e-02  5.2631003e-01 -6.3868260e-01 -7.1338671e-01
  6.1899737e-02 -4.2850059e-01  1.7400253e+00 -1.2331366e-03
 -8.1070369e-01 -1.8684493e-01  4.1284931e-01  1.0764599e+00
  1.0782611e+00 -3.1433535e-01  1.3234814e+00 -2.3815013e-01
 -4.2109728e-01  6.0439098e-01  2.9299599e-01  9.0024062e-02
 -8.0831325e-01  4.1379669e-01  1.0418932e+00 -1.5583614e-01
  8.3181399e-01 -5.7847675e-02  1.1070414e-01 -3.0049279e-01
  1.0407046e+00  9.4311333e-01 -4.4489340e-03 -2.7419956e-02
 -8.2693949e-02 -2.6162419e-01]",1.0264900662251655
Crab and Shrimp Burgers With Garlic Grits Fries,shrimp crab meat juice of lemon tabasco sauce dijon mustard mayonnaise jalapeno onion parsley pepper kosher salt panko crumbs egg bread crumbs seafood seasoning butter grits water milk kosher salt mozzarella cheese garlic,8,368,24,0.0652173913043478,3,"[-0.23208678 -0.10806593 -0.89309627  0.0926604   0.50853795  0.44100192
 -0.01097002  0.17411882 -0.09422544 -0.00840622 -0.13707954  0.21947883
  1.1211267  -0.03395738  0.00694878 -0.12510228  0.15291844  0.4445146
 -0.19080673 -0.6540197   0.26006272 -0.6363824   1.4181886   0.26209396
 -0.6451824  -0.20027295  0.12469355  0.91699314  1.2087066  -0.2726713
  1.29867    -0.06074816 -0.4218831   1.0426917  -0.03643357  0.3328939
 -0.7699437   0.7753901   1.102743   -0.29281902  0.889013   -0.06634564
  0.02095732 -0.13322753  0.8576424   1.1766982  -0.04938259  0.18892308
 -0.09037405 -0.05644254]",3.130434782608696
Country Breakfast: Tofu and Veggie Scramble With Home Fries,tofu and veggie scramble mori-nu tofu olive oil mushrooms asparagus onions garlic clove seasonings tumeric garlic powder cayenne pepper pepper water home fries potatoes pepper salt olive oil,2,493,30,0.0608519269776876,5,"[ 3.00474971e-02 -1.75709396e-01 -5.26563603e-01  7.17100393e-02
  4.64203532e-01  1.79065852e-01  1.20857531e-04 -3.60984974e-02
 -1.43440550e-01  2.03157369e-02 -2.15195718e-01  3.22436928e-01
  8.00825745e-01 -1.12675075e-01 -5.50404955e-02 -2.20766442e-02
  1.34622069e-01  2.73724658e-01 -3.22515912e-01 -6.79637147e-01
  2.90623858e-01 -4.03191467e-01  1.22897590e+00  3.31583196e-02
 -5.85602712e-01 -2.72686783e-01  4.46277070e-01  7.43084298e-01
  9.99304609e-01 -2.62475703e-01  1.38939999e+00 -1.53868204e-02
 -3.14047466e-01  6.95195040e-01  1.16072185e-02  3.13102036e-01
 -8.98425354e-01  5.25215791e-01  8.28089792e-01 -3.07288001e-01
  6.62840962e-01  1.62109425e-01  2.12411821e-01 -2.72932862e-01
  8.59386707e-01  9.28394214e-01  7.72799948e-02 -1.19460617e-01
 -1.45931897e-01 -8.42111779e-02]",5.121703853955375
Boozy Bbq Chicken,white wine beer broccoli slow cook brown rice cherry tomotoes dijon mustard ginger garlic bell pepper ground pepper lemon soy sauce molasses bite sized mushrooms olive oil orange orange juice pepper bell pepper onion newman's own salad dressing salt tabasco sauce water white wine chicken wooden skewers wooden skewers,6,725,32,0.0441379310344827,10,"[-0.1255947   0.03611845 -0.67655602  0.10510057  0.46160326  0.23432245
 -0.16422352 -0.06039463 -0.13226174 -0.03097649 -0.29526916  0.27646949
  0.74268212 -0.03848423 -0.00967639 -0.05569918  0.04066178  0.31792697
 -0.27733229 -0.8803684   0.21084537 -0.35978025  1.07184885 -0.01256343
 -0.53751822 -0.46533157  0.18657988  0.89051853  0.77238282 -0.3100019
  1.67522129 -0.15325281 -0.33783798  0.61322569  0.10518753  0.28351634
 -0.62324524  0.47467255  0.68059587 -0.3829354   0.50218095  0.23087426
 -0.09310382 -0.29770051  0.73691439  0.78044711 -0.00426143 -0.3742988
 -0.14319873 -0.04561196]",10.088275862068965
Easy Baked Parmesan Chicken,chicken breast halves egg bread crumbs pasta sauce mozzarella cheese parmesan cheese,4,497,62,0.124748490945674,0,"[ 0.1347495  -0.18558085 -0.9604616  -0.25112683  0.5908398   1.1035279
 -0.03139008  0.08871091 -0.26759002 -0.1667921  -0.1810255  -0.07787549
  1.0803589   0.38883945  0.07049035 -0.11038956  0.10486263  0.28441748
 -0.01867775 -0.57830405  0.26479584 -0.79764754  1.3548166   0.49084178
 -0.55455667 -0.13006084 -0.26266468  1.0431117   0.923917   -0.49289587
  1.4080325   0.16691963 -0.38853657  1.5325834  -0.1922087   0.26632
 -0.68119913  1.42873     1.2685667  -0.47339666  0.8854842   0.06506416
 -0.04274149 -0.07843024  0.80711335  1.0998259   0.24511133  0.331806
 -0.05083942  0.04353283]",0.249496981891348
Moroccan Chicken Tagine,moroccan spice mixture almond slivers apricot halves chick peas canned tomatoes cilantro extra virgin olive oil chicken broth flour ginger root garlic clove salt and ground pepper honey onion chicken breasts,6,224,14,0.0625,5,"[ 0.05319381 -0.01376655 -0.59966636  0.11267076  0.5909938   0.3816245
  0.00265664  0.01676097 -0.03936138  0.08504201 -0.14006613  0.15014876
  0.8707131  -0.01295637  0.01018319  0.02452615  0.12595001  0.22972628
 -0.09683679 -0.49031556  0.11657887 -0.44707182  1.3577188   0.17094992
 -0.5570623  -0.13286655  0.25995573  0.8645603   0.916005   -0.30666196
  1.6532238  -0.0163636  -0.23948544  0.85224223 -0.04021     0.3922678
 -0.7586614   0.43508962  0.66313165 -0.49217984  0.6528249   0.07365933
 -0.13581006 -0.39334348  0.7755089   0.83923477  0.07858126 -0.1363924
 -0.2802031  -0.19288507]",5.125
Cassoulet with Chicken or Duck,beans water beef broth tomato paste onion celery thyme sprigs bay leaf cloves flat-leaf parsley sprigs plus peppercorns canned tomatoes duck legs olive oil chicken sausage coarse bread crumbs salt pepper,8,651,51,0.0783410138248847,4,"[-0.03344607  0.09624315 -0.64012626  0.13753377  0.57357593  0.27268607
  0.06178903  0.05895984 -0.11622407 -0.15652551 -0.34156452  0.33370958
  1.07254516 -0.1039748   0.05609581 -0.19786178  0.04680806  0.27978139
 -0.19296584 -0.51634836  0.07654119 -0.7132502   1.33750614  0.0267612
 -0.53221322 -0.05549822  0.69405242  1.01551387  1.09094056 -0.41538965
  1.58989484 -0.03497013 -0.07088326  0.87274439 -0.17984067  0.59324125
 -0.75671258  0.51215826  0.82257726 -0.57154312  0.74402448 -0.06762232
  0.034388   -0.23795336  0.90184503  0.922169    0.15266774 -0.01498401
 -0.17164258 -0.14214352]",4.15668202764977
Maple-Glazed Thanksgiving Turkey,turkey butter orange juice natural maple syrup thyme kosher salt freshly cracked pepper bay leaves celery onion carrots garlic chicken stock,12,158,8,0.050632911392405,5,"[-0.04860637  0.15134172 -0.61112756  0.07909628  0.55535823  0.28068712
 -0.03389814 -0.02077643 -0.19311476 -0.03623985 -0.25805423  0.24079032
  0.77218944 -0.15724953 -0.03095139  0.02625737 -0.02200368  0.33070073
 -0.28001624 -0.51117057  0.13699314 -0.59115094  1.2644033   0.04083819
 -0.7430476  -0.39904666  0.5211084   1.0548742   1.0287806  -0.3737923
  1.7566267  -0.03450413 -0.221678    0.6776039  -0.08595315  0.27975196
 -0.71512556  0.42961743  0.9007485  -0.45743152  0.52324    -0.19618607
  0.00518708 -0.21357301  0.81934565  1.146648   -0.02399925 -0.12255929
 -0.18778355 -0.2482762 ]",5.10126582278481
Grilled Chicken & Corn Red Potato Salad,grilled chicken dijon mustard ear corn extra virgin olive oil jalapeno chiles olive oil pepper onion potatoes red wine vinegar salt,8,248,13,0.0524193548387096,3,"[ 0.0212559   0.07410502 -0.6170457  -0.04591786  0.54050493  0.08920594
 -0.16756976  0.01267332 -0.07338144  0.00321271 -0.15258186  0.20488107
  1.0347884  -0.18721576  0.02648157 -0.05870967  0.02363256  0.2761772
 -0.3066348  -0.7216567   0.01471267 -0.61209166  1.2205737  -0.12608725
 -0.83432436 -0.47546777  0.24499328  0.9890361   0.9049905  -0.18750225
  1.657537   -0.08345068 -0.34606233  0.72442853  0.1269143   0.31134522
 -0.7236869   0.5228816   0.855217   -0.40339038  0.6452861   0.2859422
  0.06007696 -0.53532946  0.8764347   0.96690905 -0.11452371 -0.0847463
 -0.2931882  -0.00649829]",3.104838709677419
Crispy Buttermilk-herb fried chicken,basil bread crumbs buttermilk canola oil chicken breast halves chicken wings chilly powder eggs flour garlic cloves paprika pepper salt chicken drumsticks chicken thighs spring onions thyme,4,491,42,0.0855397148676171,3,"[-0.02470381  0.00702163 -0.57688886 -0.13033608  0.62720364  0.6376552
  0.09532303  0.09584826 -0.03907388 -0.20261213 -0.10573507  0.0521934
  0.904183    0.10915275 -0.08558237  0.10043393  0.02288834  0.3042162
 -0.40053785 -0.41077155  0.16545808 -0.4653288   1.4863297   0.11030796
 -0.57547104 -0.14268051  0.37512395  0.8801303   1.177834   -0.27174467
  1.4141632   0.20459765 -0.22131544  1.020344   -0.11967955  0.34682503
 -0.63043493  0.7326551   0.7780434  -0.34201664  0.65036917 -0.07620607
  0.04337975 -0.30023056  0.90191054  1.0724345   0.06589226 -0.1214011
 -0.4654038  -0.04910445]",3.1710794297352343
Artisan Farfalle Pasta With Smoked Salmon and Cream Sauce,chicken broth 5%% cooking cream extra virgin oil artisan pasta shallots salmon sun tomatoes white wine,2,762,28,0.0367454068241469,1,"[ 0.06211063  0.11788375 -0.54674188 -0.06666631  0.46646737  0.05733068
 -0.3337433  -0.18418319  0.01846018  0.24382663 -0.09181162  0.27684862
  1.00296436  0.23959681  0.21602657 -0.07002694  0.05547161  0.17971675
 -0.28136897 -0.69431357  0.35118    -0.4229805   1.02766737  0.06844294
 -0.4458275  -0.27822875  0.0866525   0.70448605  0.82124687 -0.05777494
  1.80629874  0.1016775  -0.23986688  0.79067948 -0.03586755  0.15076063
 -0.60366249  0.66419682  0.68220063 -0.30370749  0.5407397   0.25046038
  0.14758931 -0.19429131  0.54372056  0.7643418  -0.15317    -0.1201505
 -0.00693081  0.10667474]",1.0734908136482937
Balsamic Wheat & Chicken Salad,wheat onion bell pepper chicken breast balsamic vinegrette salad dressing,4,473,26,0.054968287526427,2,"[-0.05000237  0.0373976  -0.78565447  0.00761747  0.69495869  0.385704
 -0.0036703  -0.0074852  -0.0466059  -0.1948245  -0.225648    0.1834429
  0.72265299  0.0271948   0.01505117 -0.02261399 -0.14979843  0.1725718
 -0.201845   -0.5126212   0.1347186  -0.460955    1.12792101 -0.0247369
 -0.6410837  -0.29715239  0.1321838   0.72936591  0.72940429 -0.286261
  1.44216771  0.073226   -0.141564    0.918218    0.21164919  0.39188059
 -0.49375301  0.773138    0.82164499 -0.384722    0.39112613  0.1865497
 -0.0924538  -0.2976277   1.05594099  0.781527    0.1338352  -0.149362
 -0.196482    0.26374151]",2.109936575052854
Easy Ginger Beef Broccoli,broccoli chicken broth flour ginger garlic round steak soy sauce sugar,4,386,49,0.1269430051813471,3,"[-0.16009454 -0.21040918 -0.9917546   0.20170073  0.5022824   0.40270182
  0.31866246  0.16269419 -0.09149928  0.14467974 -0.16987945  0.361397
  0.9777008   0.01251908  0.18921345  0.04360036  0.13238913  0.27831453
 -0.14180472 -0.62415653  0.4333273  -0.68606     1.7687302   0.18100284
 -0.66426367 -0.1672139   0.36322933  0.8355656   1.2026519  -0.20240034
  1.5744933   0.09261598 -0.35142997  1.4093972   0.12365701  0.2785652
 -0.72856903  1.0325973   0.9058054  -0.43375453  0.67522967  0.24311663
 -0.00235473 -0.5194544   1.0387827   1.1065655   0.15177055 -0.20749608
 -0.1953899   0.393171  ]",3.2538860103626943
Lemon Pepper Steak,chuck arm steak dill weed lemon juice cracked pepper salt water,36,35,3,0.0857142857142857,1,"[-0.12759547 -0.12230477 -0.473921    0.24784355  0.21059717  0.50271195
 -0.04808527  0.18944082  0.17378543 -0.07467119 -0.3682001   0.45521644
  0.40330455 -0.19852409 -0.11252353 -0.10064082  0.25594363  0.40124658
 -0.15547465 -0.7471936   0.05836055 -0.30530575  1.1530354   0.01145075
 -0.555214   -0.5072287   0.42212456  0.82246643  0.8775036  -0.35434252
  1.6159207  -0.23095337 -0.17305727  0.66950417 -0.078468    0.4650877
 -0.55983996  0.37928966  1.0331845  -0.4637163   0.5551061   0.13685825
 -0.35229665 -0.03966455  0.75890636  0.52001816 -0.0712019  -0.4499645
 -0.0682891   0.11001518]",1.1714285714285715
Oven Rib-Eye Steaks with Cream Sauce,kosher salt rib-eye steaks pepper garlic powder paprika mushrooms olive oil heavy cream salt pepper lemon juice mozzarella cheese butter,3,903,56,0.0620155038759689,2,"[-0.19297945  0.106418   -0.72215099  0.0274646   0.4071705   0.50538604
 -0.01149485  0.12091005 -0.18341006  0.14073779 -0.16149445  0.127729
  0.9232915  -0.15695445 -0.0209416  -0.12063245  0.1380987   0.39161647
 -0.4198516  -0.83866351  0.3101401  -0.47097495  1.46023499  0.11879635
 -0.94509549 -0.2330962   0.23986615  1.07547051  1.19255751 -0.26813844
  1.453148   -0.0989452  -0.376609    0.7994261   0.05287825  0.22338915
 -0.79947705  0.6593675   1.167787   -0.3052509   0.8851415   0.03297255
  0.18138295 -0.3142805   0.9108765   1.03152451 -0.0967752   0.07751746
 -0.10551295 -0.09742841]",2.1240310077519378
Japanese Steak Salad,well-trimmed beef top sirloin 3 cups napa cabbage carrots rice cucumber sherry ginger green onion hoisin sauce soy sauce oriental roasted sesame oil pea pods radishes rice wine vinegar romaine lettuce sugar water,8,148,15,0.1013513513513513,7,"[-0.05342264  0.05369197 -0.73540002  0.17797105  0.40385475  0.13701806
 -0.0797169  -0.16432378 -0.17127494 -0.15469621 -0.14908291  0.37751724
  0.79391664 -0.03639818  0.158724    0.00631444  0.0663151   0.51502733
 -0.12091048 -0.55276885  0.15885184 -0.64665736  1.29277848  0.07006191
 -0.60220394 -0.18683913  0.2028475   0.91427564  0.73015485 -0.21427709
  1.36120848  0.04452807 -0.29454345  0.96367345  0.26557506  0.33170331
 -0.84187636  0.64710963  0.71924448 -0.44459354  0.30622233  0.07713179
  0.07827582 -0.58060539  0.85182742  0.82955697  0.19581594 -0.03066154
 -0.03853506  0.074435  ]",7.202702702702703
Entrecote Steak with Asparagus,asparagus beef tenderloin butter coconut oil garlic kosher salt olive oil onions bell pepper,2,963,42,0.043613707165109,4,"[-0.09449349 -0.15335365 -0.74789345 -0.01979856  0.69022715  0.24793212
 -0.101203   -0.0556623   0.05644077 -0.0717775  -0.2740617   0.26120216
  1.0098636  -0.08024299  0.02309757  0.03707843  0.21207783  0.25100794
 -0.18063007 -0.6388983   0.44738585 -0.6317499   1.2220179  -0.09053671
 -0.83912975 -0.34994468  0.6173584   0.9545235   1.0907179  -0.22686492
  1.6856009  -0.26171654 -0.27709013  0.98499733  0.01674828  0.17635284
 -0.8147597   0.61384636  0.9716715  -0.27435616  0.50617456  0.07653828
  0.27221328 -0.45016783  0.9311727   1.1408827  -0.21137635  0.00272226
 -0.36007473  0.01709857]",4.087227414330218
Home Made Dry-Aged Sirloin Steak with Cheesy Roast Fingerling Potatoes,sirloin steaks fingerling potatoes mexican cheese blend extra virgin olive oil granulated garlic ground pepper pepper flakes cilantro chives garlic cloves green onions,2,1061,81,0.0763430725730443,4,"[-0.11407    -0.09800884 -0.50830483  0.00244148  0.70910925  0.30779672
  0.0795387  -0.0142086  -0.29306868 -0.18191138 -0.2988183   0.26181576
  0.89959085 -0.0894857  -0.12915808 -0.180923    0.11947627  0.26804247
 -0.29178372 -0.7531635   0.04826747 -0.56425285  1.2624183   0.03325891
 -0.7843147  -0.07643835  0.5692014   0.8931268   1.1120893  -0.26319143
  1.4547256   0.09593166 -0.19958897  0.8155965   0.09524025  0.4991473
 -0.8398186   0.5076139   0.6417714  -0.67096484  0.7699998   0.10386425
  0.17604983 -0.49134564  0.801533    1.0889707   0.08666926 -0.07521991
 -0.2866481  -0.01605318]",4.152686145146089
Steak with lemon and capers,beef steak butter capers wine flour garlic ground pepper lemon juice lemon wedges olive oil parsley salt,2,949,47,0.0495258166491043,4,"[-0.13148034  0.03387471 -0.721977    0.05321731  0.59354234  0.43171474
 -0.07233488  0.10492582 -0.16391587  0.01616123 -0.28337923  0.3477365
  0.87564766 -0.2913835  -0.05045498 -0.12166373  0.20693979  0.3663289
 -0.14739612 -0.94941396  0.2131007  -0.5627076   1.3822712   0.03262147
 -0.7634264  -0.20897035  0.5267243   1.081602    1.2347405  -0.17810763
  1.6924615  -0.07664071 -0.45420966  0.92349005  0.07145987  0.3076744
 -0.9470962   0.6333764   1.0939788  -0.4083658   0.7956256   0.09518857
 -0.11037699 -0.44738647  0.7188321   1.0487849  -0.05348254 -0.00854173
 -0.17592429 -0.02916177]",4.099051633298209
Steak Salad with Chimichurri Sauce,flank steak olive oil salt and pepper to season onion baby bella mushrooms spring mix cherry tomatoes avocado lightly parsley garlic thyme pepper flakes bone broth red wine vinegar extra virgin olive oil salt pepper,4,475,29,0.0610526315789473,7,"[ 0.06161331  0.20226273 -0.597457   -0.03192689  0.52066684  0.1893883
 -0.20026362  0.07309814 -0.16499963  0.03037509 -0.2036966   0.24529994
  0.7016889  -0.12583746  0.07298036 -0.12500034  0.15578769  0.17428385
 -0.3590831  -0.6265589   0.01193441 -0.42980418  1.1765326  -0.02563885
 -0.675945   -0.32824242  0.31085634  0.8759018   0.8600606  -0.29404655
  1.8879205  -0.05424728 -0.2899531   0.5493517   0.06086106  0.35730872
 -0.67769974  0.44232547  0.86567104 -0.5002988   0.50783753  0.033953
 -0.00709457 -0.45683828  0.7620645   0.8140228   0.04819737 -0.173293
 -0.21039373 -0.07634512]",7.122105263157895
Steak With Blue Cheese Sherry Sauce,cheese crumbles olive oil parsley sherry top round,2,368,37,0.1005434782608695,1,"[-1.63595885e-01  2.84813762e-01 -3.49338740e-01  2.04662517e-01
  5.50841272e-01  2.53528982e-01 -2.41484731e-01  2.00185493e-01
 -3.80368769e-01 -2.28937626e-01 -3.08050305e-01  9.37012434e-02
  2.10122854e-01  8.73316154e-02  5.38117513e-02 -5.25500104e-02
  2.52852380e-01  8.45142603e-02 -3.51751149e-02 -6.46087468e-01
  1.46222919e-01 -2.87138522e-01  7.75415003e-01  1.57749839e-03
 -4.67338860e-01 -4.36585754e-01  2.96557486e-01  7.89444685e-01
  5.07595003e-01  8.49049985e-02  1.69345498e+00 -1.15426235e-01
 -2.77282506e-01  8.26031327e-01  7.41872489e-02  8.11606273e-02
 -8.11228752e-01  6.83013737e-01  9.08842027e-01 -5.49466372e-01
  5.43404341e-01  7.98600018e-02  1.85333118e-01 -5.51968753e-01
  5.33069968e-01  8.77901256e-01 -5.71808815e-02  1.14156261e-01
  3.00972089e-02 -2.70256132e-01]",1.201086956521739
Steak Salad With Roasted Potatoes and Fennel,steak fennel bulbs new potatoes oil salt and pepper a shallot mayo red wine vinegar dijon mustard oil honey arugula leaves golden raisins,4,814,39,0.0479115479115479,4,"[ 0.12402787  0.32522973 -0.5056247   0.04207017  0.52927065  0.14145839
 -0.14757587 -0.03992095 -0.19161907  0.00358962 -0.19222261  0.26868537
  0.6752885  -0.18575393  0.0786607  -0.02591839  0.10101217  0.34472594
 -0.3820217  -0.75611836  0.06645268 -0.58558255  1.0366504  -0.08413861
 -0.66492003 -0.4689661   0.11371563  0.8463363   0.7957369  -0.10102139
  1.609297    0.074241   -0.3835459   0.556256    0.31045896  0.27930042
 -0.7349313   0.532739    0.757113   -0.39505368  0.44748327  0.1631619
 -0.01604872 -0.48409438  0.7206641   0.83835024  0.01879474 -0.22940917
 -0.10392285 -0.07070704]",4.0958230958230954
Steak And Pepper Rounds With Rose Horseradish Garlic Creme Sauce,olive oil garlic bulb beef rib steak worcestershire sauce jack daniels mustard pepper flakes rose syrah wine olive oil roasted pepper sections marscapone cheese horseradish roasted garlic basil oregano lemon juice of salt of pepper rose syrah wine bread or),8,395,19,0.0481012658227848,6,"[-1.16004905e-01  9.30450741e-02 -6.81996874e-01 -8.06285050e-03
  5.26725998e-01  3.02578024e-01 -9.42992727e-02 -3.84997017e-02
 -1.73507649e-01  1.43442574e-01 -1.42819904e-01  2.31184025e-01
  7.57827996e-01 -3.31658402e-01  6.95344555e-02 -8.38264477e-02
  3.21212850e-02  3.08804309e-01 -2.10800077e-01 -6.06859885e-01
  1.34328952e-01 -4.85995455e-01  1.07162965e+00  1.38009759e-02
 -6.82659903e-01 -3.16307574e-01  1.98506526e-01  8.15681077e-01
  7.72862238e-01 -1.71437570e-01  1.51915082e+00 -1.66452115e-01
 -1.63387899e-01  7.71198917e-01  2.27809153e-01  1.87399868e-01
 -7.83081517e-01  4.84742752e-01  8.91144504e-01 -3.78767522e-01
  5.36373125e-01  1.85390550e-01  3.79492878e-04 -5.01052723e-01
  7.32391595e-01  9.08414274e-01  1.49604697e-02 -6.66846069e-02
 -2.22407101e-01 -5.11442762e-02]",6.096202531645569
Italian Kale and Potato Soup,olive oil ground turkey sausage potatoes onion garlic kale chicken broth basil oregano fennel seed buttermilk ground pepper kale to to,6,480,22,0.0458333333333333,6,"[ 1.9320738e-01 -1.0469952e-01 -5.3253353e-01  3.4574281e-02
  6.6574734e-01  1.5359271e-01  1.8218970e-01  2.1206474e-01
 -3.4808812e-01 -3.3754000e-01 -2.1280801e-01  2.0871049e-01
  7.8707522e-01 -2.3939618e-01 -7.9805233e-02  1.3998143e-01
  1.9232118e-01  2.4373157e-01 -2.4953283e-01 -3.1852308e-01
  7.7675998e-02 -5.8351290e-01  1.2034220e+00  3.3395290e-02
 -4.2959803e-01 -4.8018229e-01  4.5277095e-01  7.3346573e-01
  8.4236282e-01 -2.0989618e-01  1.7458220e+00  5.6276150e-04
 -2.6493564e-01  8.1979144e-01  4.4356052e-02  4.8331094e-01
 -7.2799194e-01  6.8648261e-01  6.5667003e-01 -4.4773182e-01
  6.1237246e-01  1.4261703e-01  6.2752992e-02 -5.5238420e-01
  9.8922902e-01  1.0160290e+00  1.1786469e-01 -4.8853145e-03
 -1.2215009e-01 -1.5746152e-01]",6.091666666666667
Choucroute Garni,onion juniper berries garlic bay leaf pepper rhine wine sausage links potatoes bacon drippings pork backs pork shoulder roll sauerkraut cooking apples brown sugar cloves loin fresh sausages: place in unheated skillet precooked sausages: add to water in saucepan,4,1157,64,0.0553154710458081,4,"[-0.0660717  -0.05597847 -0.45625187 -0.26195034  0.25196144  0.22423802
 -0.00914851 -0.04385196  0.01651772 -0.13793556 -0.24226995  0.13369605
  0.69323744 -0.016632   -0.02997374  0.15743666  0.13256356  0.14754872
 -0.24302622 -0.41721     0.33070708 -0.50658562  0.97726148  0.04994272
 -0.44148689 -0.4751605   0.22235223  0.74592078  0.7738203  -0.20965985
  1.65783103  0.14073231 -0.14009557  0.5848298  -0.04835134  0.396786
 -0.43339044  0.53013774  0.52924034 -0.38125367  0.39713479  0.11860458
  0.0285891  -0.25311792  0.57308787  0.80135023  0.07774644 -0.12881046
 -0.13204592 -0.12222654]",4.110630942091616
Creamy Risotto With Smoked Turkey Sausage,chicken stock olive oil onion garlic arborio rice white wine evaporated skim milk parmesan cheese ground pepper turkey sausage flat-leaf parsley peas,6,504,29,0.0575396825396825,4,"[-0.03779697 -0.01658546 -0.510246   -0.07817751  0.47609658  0.34684137
 -0.19689195 -0.08992582 -0.25908501 -0.03644746 -0.18650609  0.19627509
  0.80639637 -0.13074687  0.18098248  0.06264572  0.12911976  0.29626682
 -0.15851495 -0.56382337  0.26367436 -0.56296796  1.2074541   0.03476959
 -0.47334455 -0.41803836  0.34197878  0.93315682  0.77573182 -0.07630772
  1.54796273  0.05381586 -0.28713909  0.88003183 -0.09284227  0.16123755
 -0.82008887  0.74779136  0.69594303 -0.45593009  0.61032195  0.09386682
  0.06470305 -0.33044132  0.78308314  0.90451405 -0.10096114  0.28035523
 -0.04480245 -0.20812122]",4.115079365079365
Delicious Sausage & Peppers,bell peppers garlic - crushed& ground pepper sausages sausages jalape√±o olive oil parsley salsa sea salt onion,8,543,17,0.0313075506445672,4,"[ 7.53546276e-02  1.20504237e-01 -6.05955927e-01  5.39651708e-02
  2.81232112e-01  1.07665292e-01 -2.41991151e-02  6.27504101e-02
 -3.30707005e-01  2.39434588e-02 -2.70561358e-01  2.71277059e-01
  7.38139995e-01  1.44308788e-02 -1.35915041e-01 -1.88184300e-01
  7.84041423e-02  3.16648824e-01 -4.45049057e-01 -5.41343242e-01
  5.15168859e-02 -4.69330234e-01  1.12332471e+00  2.66075856e-02
 -5.92545702e-01 -3.99171416e-01  3.60829408e-01  8.32198776e-01
  6.74470539e-01 -3.67985176e-01  1.62599414e+00 -8.66696228e-02
 -7.83192373e-02  7.10771294e-01  1.18846961e-03  3.03238294e-01
 -5.74313236e-01  3.86551177e-01  6.92327657e-01 -2.28253645e-01
  6.43246404e-01  2.49696469e-01  9.50447650e-02 -4.67186120e-01
  1.02207764e+00  9.62967462e-01 -1.65691223e-02 -8.71799090e-02
 -4.47524882e-01 -1.50688795e-02]",4.0626151012891345
Healthier Bangers and Mash,chicken sausages onion mushrooms flour reduced sodium chicken broth red wine cauliflower head milk butter cream cheese salt and pepper,2,333,25,0.075075075075075,3,"[-0.02070502  0.01971852 -0.71695143 -0.19787362  0.42728543  0.5344769
  0.04795223 -0.1115668  -0.10213301  0.08856768 -0.0207465   0.2105459
  0.8802787   0.03887464  0.15442821  0.1074604   0.10546783  0.43386298
 -0.32949597 -0.7177657   0.43080837 -0.67561454  1.469565    0.24736913
 -0.717373   -0.4253842   0.0976211   0.977478    0.8570253  -0.21050425
  1.8558595   0.06908951 -0.18222654  0.8650877  -0.0077022   0.29533485
 -0.51737833  0.90063703  0.97775936 -0.17460339  0.6416532   0.2390292
 -0.0414812  -0.20592289  0.9071647   0.9445156  -0.09493124 -0.12011082
 -0.0854154  -0.0404337 ]",3.15015015015015
"Lasagne, Marietta-Style",egg garlic powder hardboiled eggs sausage lasagne noodles ricotta mozzarella cheese,12,348,18,0.0517241379310344,0,"[ 0.13242537 -0.27686235 -0.6372646  -0.10859719  0.3897023   1.0650426
  0.00496565 -0.3172115  -0.19626819  0.13112225 -0.22185692  0.13977934
  1.1946937   0.49526194  0.02803081 -0.12663257  0.04052109  0.5462925
 -0.32847646 -0.31877548  0.5131796  -0.6042215   1.4618946   0.39850244
 -0.3429509  -0.00210582  0.03566782  0.9773688   0.89970726 -0.5078444
  0.7371746   0.10793181 -0.2925397   0.9998358  -0.06797189  0.44427064
 -0.5833227   1.0239828   1.0059272  -0.3879322   0.65220255  0.0545139
  0.00489364 -0.09602828  1.0462363   1.0358247   0.20593648  0.30985144
  0.52176166 -0.15296508]",0.1034482758620688
Refried Beans with Chorizo,pepper cilantro pinto beans chorizo kosher salt lard lard,6,213,13,0.0610328638497652,1,"[-0.41017696 -0.22104356 -0.7726611   0.06568331  0.3776756   0.01364778
  0.16162589  0.12264999 -0.43327558  0.2421689  -0.01045533  0.3859311
  1.0719614  -0.2080489   0.1916439  -0.2918507   0.10625335  0.32505733
  0.09509619 -0.6026889  -0.0559812  -0.6672389   1.3448077   0.16183588
 -0.63992333  0.13608943  0.56935406  0.84353447  1.11986    -0.24800134
  0.92745274 -0.2465318  -0.41649133  0.9973724  -0.0975109   0.41749442
 -0.5357591   0.7192577   0.97855216 -0.07570346  0.8922468   0.08550758
  0.07809944 -0.16442633  0.8644589   0.8621589  -0.30695155  0.0478754
 -0.02860355  0.03056399]",1.1220657276995305
Chorizo Parmesan Brussels Sprouts Skillet,brussels sprouts onion tomatoes sea salt garlic powder pepper chorizo parmesan cheese,3,107,7,0.0654205607476635,3,"[ 0.18123667  0.07893001 -0.65138835 -0.10566219  0.27700302  0.29234168
  0.06170968 -0.00442317 -0.64849    -0.11457053 -0.28025803  0.05691442
  1.0161133  -0.05986775  0.01666925 -0.13407359  0.13511032  0.32364747
 -0.43682238 -0.5658254   0.20290808 -0.6457396   1.5865499   0.2933909
 -0.6894391  -0.15598701  0.37328863  1.211656    0.7320475  -0.3762168
  1.379075   -0.13108583 -0.3818495   0.68849134 -0.10912805  0.20085818
 -0.79656786  0.8379867   1.1076359  -0.41812932  0.92796326  0.0348525
  0.34486976 -0.43866563  1.0118116   1.0863706   0.15486026  0.26734504
  0.09983257 -0.14861982]",3.130841121495327
"Broccoli, Sausage and Fresh Basil Pasta",bulk spicy sausage garlic onion merlot basil leaves pepper flakes broccoli goat cheese penne pasta,4,985,40,0.0406091370558375,4,"[ 0.24027331 -0.07194655 -0.8179853  -0.06942061  0.4826824   0.36393878
  0.086833   -0.10151186 -0.54356134  0.09398688 -0.36016926  0.46217006
  1.0333234  -0.17826515  0.1567052  -0.14880927  0.0207032   0.51618403
 -0.10550876 -0.50641847  0.10239239 -0.7226253   1.3651941   0.20273785
 -0.46347705 -0.01179079  0.1641816   1.0512339   0.7816938  -0.41778773
  1.1269383  -0.1621821  -0.09031913  1.125818    0.0360546   0.41272715
 -0.8138627   0.8194493   0.85036397 -0.47022334  0.7709769   0.34139317
 -0.0994176  -0.47661006  1.0040725   0.9692847   0.14944226  0.04413119
 -0.02859452  0.08781213]",4.081218274111675
Asparagus Quiche,asparagus tips slcs bacon butter tasty cheese cream egg yolks eggs flour garlic lemons milk onions parmesan cheese pch salt,8,288,9,0.03125,3,"[ 0.03092125 -0.03257794 -0.5627118  -0.33523738  0.4985636   0.89962053
 -0.14759961 -0.06709915 -0.3022972  -0.02872745 -0.18179351  0.17494358
  1.0814494   0.13740033 -0.0511431  -0.06561267  0.12624943  0.31721824
 -0.06839    -0.72660506  0.3223343  -0.6503581   1.402642    0.36563048
 -0.37410802  0.09460829  0.19102073  0.811323    1.0209591  -0.40436596
  1.1789305   0.20857748 -0.33353359  0.90035903  0.0083587   0.29871595
 -0.69552124  0.9055443   1.0716866  -0.39106137  0.7031273  -0.16803871
 -0.04391674 -0.166065    0.900867    0.961253    0.20896995  0.0317474
  0.0392919  -0.01783696]",3.0625
Black Bean Soup - Cindy Style,black beans bacon onion jalapeno garlic chicken broth water,6,140,5,0.0357142857142857,2,"[-0.02131615 -0.22352107 -0.744239   -0.16584979  0.5349256   0.14915
  0.19106446 -0.08493391 -0.2434578   0.01783844 -0.26712313  0.35992098
  1.2425466   0.09262422  0.13272558 -0.08851778  0.08752318  0.28560442
 -0.40957335 -0.66462135  0.14125    -0.743717    1.6354812   0.107781
 -0.6320112  -0.349737    0.35386     1.0169411   1.0581856  -0.31934875
  1.763205   -0.04491789 -0.20319366  0.8613583  -0.12463445  0.5771622
 -0.6692783   0.6106006   0.92092377 -0.47048214  0.7035224   0.41897577
  0.08613399 -0.42816544  1.1198761   1.229177    0.10748444 -0.24370724
 -0.1979102   0.07337411]",2.071428571428571
Eggy In The Basket,bacon butter egg maple syrup pancake mix,1,692,18,0.0260115606936416,0,"[-0.37693     0.15275002 -0.7182228  -0.12410385  0.5741342   1.0538843
 -0.34092742 -0.2261823  -0.19497572  0.12637457 -0.13836673  0.13969144
  1.0568343   0.44041285 -0.12625428  0.16688843  0.16325428  0.15831144
 -0.24051742 -0.8905972   0.44223288 -0.54551846  1.1514643   0.12943572
 -0.2836986   0.03364585 -0.10583271  0.87151     1.0704957  -0.23142
  1.3832328  -0.00706029 -0.47892544  0.8127186  -0.02780214  0.09230386
 -0.44377097  0.57632256  1.1262686  -0.19148387  0.46353254 -0.06156901
 -0.49221158 -0.235312    0.51468     1.351943    0.00792172 -0.1845667
 -0.10174243 -0.04138713]",0.0520231213872832
Pea Soup With Smoked Pork Ribs,bacon bay leaves peppercorns caraway seeds carrot onion peas pork ribs potatoes,4,751,36,0.047936085219707,4,"[-0.02635203  0.07952341 -0.5508299  -0.04810328  0.42042145  0.42743912
  0.071364    0.20344925 -0.1821205  -0.40316042 -0.4113563   0.19295841
  0.88753414 -0.01218251 -0.0520975   0.0100874   0.10939267  0.1673605
 -0.08155776 -0.25056016 -0.17727007 -0.6866438   1.4047202  -0.05011974
 -0.40205356 -0.13297169  0.4313139   0.95243424  0.9519375  -0.5126608
  1.3159868  -0.04627825 -0.034083    0.8638408  -0.02285492  0.5577489
 -0.5753762   0.565746    0.65465254 -0.69030637  0.33675838 -0.13588442
  0.00574625 -0.50924504  1.2128776   0.8804715   0.24009831 -0.23902899
 -0.3126043   0.0070325 ]",4.095872170439414
Barbecued Pulled Beef Sandwiches,bacon beef chuck olive oil brown sugar salt and pepper onion to 3 of barbecue sauce hawaiian rolls,6,766,37,0.0483028720626631,1,"[-0.17941004  0.11103464 -0.61366105  0.10693337  0.3857804   0.38170502
 -0.27570912 -0.03962628 -0.079462   -0.21473244 -0.15143472  0.24023877
  0.6581044  -0.13884255  0.07962738  0.03419434  0.07520958  0.23540293
 -0.38389805 -0.54422784  0.34412754 -0.44595158  0.9257095  -0.12002116
 -0.5450231  -0.81311804  0.08495721  0.5275051   0.66444045 -0.2580061
  2.1592207  -0.12794167 -0.346226    0.6339967   0.06111811  0.09736101
 -0.52625686  0.41299072  0.7106306  -0.23574212  0.3445214   0.21105264
 -0.01057817 -0.38651824  0.5235841   0.7902597  -0.11883725 -0.18794458
 -0.33797333  0.08276387]",1.0966057441253263
Bacon Wrapped Tofu Tacos,tofu fajita size cream cheese jalapeno peppers monterey jack cheese bacon chicken broth olive oil cumin chili powder paprika garlic cloves,10,497,28,0.056338028169014,1,"[-0.12847337 -0.09631441 -0.66306007  0.19765285  0.53847617  0.37524265
  0.03941382  0.08472355 -0.24082842  0.10227546 -0.15289606  0.17434074
  1.0203891   0.04471988  0.00671789 -0.15475719 -0.06212394  0.3514289
 -0.31153196 -0.54982585  0.15209943 -0.5599643   1.3112804   0.24950512
 -0.7530752  -0.16465905  0.18908457  0.8915442   1.116698   -0.379011
  1.2079859  -0.1790672  -0.24035922  0.8589247   0.08129729  0.3151355
 -0.7385478   0.6154036   0.9949172  -0.42090335  0.8674521   0.20292057
  0.13486893 -0.43622425  0.98120815  1.1607089   0.12060322  0.02646015
 -0.17339215  0.14033404]",1.112676056338028
Linguine E Americana,bacon pepper canned tomatoes carrots celery chicken stock garlic linguine onion parmesan cheese sea salt,4,606,26,0.0429042904290429,4,"[ 0.14885317 -0.17153133 -0.6576833  -0.09968609  0.5254189   0.31334767
  0.12120952 -0.04481187 -0.53694797 -0.05924667 -0.42824885  0.43511862
  0.98823255 -0.02606138  0.13730608 -0.17528227  0.09781485  0.39933863
 -0.3788648  -0.5217155   0.32375184 -0.7170335   1.5959146   0.05108213
 -0.64335996 -0.14548674  0.3697648   1.0671353   0.89219946 -0.43617553
  1.5559387  -0.02332306 -0.04179573  1.071364   -0.01708459  0.43284723
 -0.80641633  0.77610475  1.0144941  -0.67298335  0.738782    0.07766533
  0.19691592 -0.36008528  1.0145845   1.0851091   0.1816802   0.20093003
 -0.06063341  0.02119168]",4.085808580858086
Cheesy Bacon Burger with Spicy Chipotle Aiolo Sauce,chipotle chiles in adobo mayonnaise garlic garlic powder greek yogurt bell pepper ground cumin ground pepper ground beef lime juice onion wedges of laughing cow swiss cheese turkey bacon hamburger buns,4,475,49,0.1031578947368421,4,"[ 0.07450815 -0.24288204 -0.6350152   0.10235615  0.44086534  0.29160616
  0.04120875  0.09042498 -0.2227898  -0.07038666 -0.05988256  0.07086226
  0.574771   -0.08980533 -0.02827613 -0.07123946 -0.07316394  0.32769716
 -0.36881995 -0.41218308  0.11636109 -0.40945873  1.1127366   0.26730114
 -0.597517   -0.5289174   0.2659388   0.87188786  0.804382   -0.40431195
  1.6337925  -0.03954748 -0.22805545  0.7110107  -0.00466723  0.21976526
 -0.466881    0.4567194   0.66728336 -0.2860203   0.6594686   0.0256567
  0.04093623 -0.3562388   0.8517611   0.91827124  0.02525235  0.04954071
 -0.08403405 -0.07666604]",4.206315789473684
"Shrimp, Bacon, Avocado Pasta Salad ",avocado chipotle pepper powder cilantro dijon mustard fusilli pasta green onions lime juice lime zest olive oil shrimp bell pepper onion salt bacon white wine vinegar bell pepper,4,501,19,0.0379241516966067,8,"[-0.08663851  0.02066724 -0.69417626  0.24576226  0.49162072  0.20611927
 -0.02173786  0.08085044 -0.3877942   0.04079525 -0.3496032   0.3483296
  0.77285796 -0.22855541 -0.19638623 -0.24230465  0.02400371  0.45266554
 -0.2720465  -0.9340507   0.13852887 -0.4691561   1.3465197  -0.04820601
 -0.8934224  -0.10649718  0.35757366  1.0409366   0.9376406  -0.309401
  1.4367028  -0.3282315  -0.35041687  0.7434679   0.30723667  0.30086088
 -0.8125449   0.5021821   0.9854673  -0.44449085  0.76974046  0.12207668
 -0.07067531 -0.51958424  0.83674824  0.9893064  -0.0353069  -0.18484242
 -0.13281968  0.09540947]",8.075848303393213
Lamb Burgers With Tzatziki Sauce,cucumber egg extra virgin olive oil flat leaf parsley dill garlic greek yogurt ground lamb hamburger buns juice of lemon kosher salt & pepper,4,617,38,0.0615883306320907,4,"[ 0.05908224  0.21913834 -0.6257414   0.10598517  0.6489071   0.42796424
 -0.14826615 -0.04607846  0.00475795 -0.15701066 -0.1387642   0.36252943
  0.6307637  -0.21904075 -0.01101421 -0.1199623   0.06740992  0.30249324
 -0.20690769 -0.5908132   0.22863753 -0.5329132   0.9914071   0.15132692
 -0.56285936 -0.3449584   0.2867375   0.7707611   0.78934866 -0.25906053
  1.768555   -0.05093167 -0.116593    0.810005   -0.02754595  0.28564045
 -0.53906935  0.39431345  0.7260371  -0.36113426  0.69877696 -0.16591662
 -0.08866775 -0.26361135  0.7328708   0.78703874 -0.09712858 -0.15333435
 -0.05421613 -0.11988197]",4.123176661264181
