recipe_name,ingredient_text,number_of_servings,calories,protein,protein_density,num_vegetable_servings,adobo,almond,aminos,apricot,apricots,arborio,bacon,balsamic,basil,bay,beans,beef,beer,bell,bite,black,blend,bread,breast,breasts,broccoli,broth,brown,buns,butter,cabbage,canned,canola,carrots,cauliflower,cayenne,celery,cheddar,cheese,cherry,chick,chicken,chickpeas,chiles,chili,chipotle,chocolate,chops,chunks,chutney,cilantro,cinnamon,clove,cloves,coarse,coconut,cook,coriander,cornstarch,cow,cracked,cranberries,cream,crumbs,cucumber,cumin,cup,curry,dijon,dill,dressing,duck,egg,enchilada,evaporated,extra,fish,flat,flour,foil,freshly,garlic,ginger,greek,green,ground,habanero,half,halves,hamburger,heavy,herbs,hibiscus,honey,jalapeno,juice,kosher,lamb,laughing,leaf,lean,leaves,legs,lemon,lettuce,lime,liquid,lobe,loin,maple,marmalade,mayonnaise,meat,mexican,middle,milk,mixture,molasses,moroccan,mozzarella,mushrooms,mustard,natural,neck,newman,oil,olive,onion,onions,orange,oregano,parmesan,parsley,pasilla,pasta,paste,peanut,peanuts,peas,penne,pepper,peppercorns,peppers,petals,pineapple,plum,plus,potatoes,powder,purpose,red,refried,rice,roma,romaine,root,salad,salsa,salt,sauce,sausage,sea,seasoning,seeds,semolina,sesame,shallot,sharp,shells,shoulder,sized,skewers,skim,slaw,slivers,slow,soup,soy,spice,spinach,sprigs,sriracha,starch,stew,stock,substitute,sugar,sunflower,swiss,syrup,tabasco,tahini,tapioca,tart,teaspon,thai,thyme,tomato,tomatoes,tomotoes,tortillas,turkey,turmeric,tzatziki,vegetable,verde,vinegar,virgin,water,wedges,white,wine,wooden,yogurt
Lamb Burgers With Tzatziki Sauce,cucumber egg extra virgin olive oil flat leaf parsley dill garlic greek yogurt ground lamb hamburger buns juice of lemon kosher salt & pepper,4,617,38,0.06158833063209076,4,0.0,0.0,0.0,0.0,0.0,0.0,0.0,0.0,0.0,0.0,0.0,0.0,0.0,0.0,0.0,0.0,0.0,0.0,0.0,0.0,0.0,0.0,0.0,0.233322757048996,0.0,0.0,0.0,0.0,0.0,0.0,0.0,0.0,0.0,0.0,0.0,0.0,0.0,0.0,0.0,0.0,0.0,0.0,0.0,0.0,0.0,0.0,0.0,0.0,0.0,0.0,0.0,0.0,0.0,0.0,0.0,0.0,0.0,0.0,0.0,0.25736593664160556,0.0,0.0,0.0,0.0,0.2912528950109543,0.0,0.0,0.2146734180983407,0.0,0.0,0.233322757048996,0.0,0.233322757048996,0.0,0.0,0.0,0.12285632176703372,0.0,0.25736593664160556,0.0,0.14150566071768902,0.0,0.0,0.0,0.233322757048996,0.0,0.0,0.0,0.0,0.0,0.17539261908703774,0.2146734180983407,0.1994357986796473,0.0,0.233322757048996,0.0,0.0,0.0,0.25736593664160556,0.0,0.0,0.0,0.0,0.0,0.0,0.0,0.0,0.0,0.0,0.0,0.0,0.0,0.0,0.0,0.0,0.0,0.0,0.0,0.0,0.0,0.12285632176703372,0.1655488403102986,0.0,0.0,0.0,0.0,0.0,0.2146734180983407,0.0,0.0,0.0,0.0,0.0,0.0,0.0,0.11746248112507941,0.0,0.0,0.0,0.0,0.0,0.0,0.0,0.0,0.0,0.0,0.0,0.0,0.0,0.0,0.0,0.0,0.0,0.10761870234834028,0.0,0.0,0.0,0.0,0.0,0.0,0.0,0.0,0.0,0.0,0.0,0.0,0.0,0.0,0.0,0.0,0.0,0.0,0.0,0.0,0.0,0.0,0.0,0.0,0.0,0.0,0.0,0.0,0.0,0.0,0.0,0.0,0.0,0.0,0.0,0.0,0.0,0.0,0.0,0.0,0.0,0.0,0.0,0.0,0.0,0.0,0.0,0.0,0.25736593664160556,0.0,0.0,0.0,0.0,0.0,0.25736593664160556
Chicken Parmesan Patty- Eat As A Burger OR On Pasta,cup bread crumbs egg mozzarella garlic ground chicken olive oil onion pepper sea salt teaspon blend seasoning,3,715,54,0.07552447552447553,2,0.0,0.0,0.0,0.0,0.0,0.0,0.0,0.0,0.0,0.0,0.0,0.0,0.0,0.0,0.0,0.0,0.3274607649247584,0.26232888945101873,0.0,0.0,0.0,0.0,0.0,0.0,0.0,0.0,0.0,0.0,0.0,0.0,0.0,0.0,0.0,0.0,0.0,0.0,0.17622923338957713,0.0,0.0,0.0,0.0,0.0,0.0,0.0,0.0,0.0,0.0,0.0,0.0,0.0,0.0,0.0,0.0,0.0,0.0,0.0,0.0,0.0,0.26232888945101873,0.0,0.0,0.3274607649247584,0.0,0.0,0.0,0.0,0.0,0.24136110886331683,0.0,0.0,0.0,0.0,0.0,0.0,0.0,0.0,0.13812952863579947,0.0,0.0,0.0,0.1590973092235014,0.0,0.0,0.0,0.0,0.0,0.0,0.0,0.0,0.0,0.0,0.0,0.0,0.0,0.0,0.0,0.0,0.0,0.0,0.0,0.0,0.0,0.0,0.0,0.0,0.0,0.0,0.0,0.0,0.0,0.0,0.0,0.0,0.0,0.28936106017098073,0.0,0.0,0.0,0.0,0.0,0.13812952863579947,0.18612947994346335,0.15157606147845218,0.0,0.0,0.0,0.0,0.0,0.0,0.0,0.0,0.0,0.0,0.0,0.0,0.1320651385035394,0.0,0.0,0.0,0.0,0.0,0.0,0.0,0.0,0.0,0.0,0.0,0.0,0.0,0.0,0.0,0.0,0.0,0.12099760446972369,0.0,0.0,0.3274607649247584,0.3274607649247584,0.0,0.0,0.0,0.0,0.0,0.0,0.0,0.0,0.0,0.0,0.0,0.0,0.0,0.0,0.0,0.0,0.0,0.0,0.0,0.0,0.0,0.0,0.0,0.0,0.0,0.0,0.0,0.0,0.0,0.0,0.0,0.3274607649247584,0.0,0.0,0.0,0.0,0.0,0.0,0.0,0.0,0.0,0.0,0.0,0.0,0.0,0.0,0.0,0.0,0.0,0.0,0.0
Cheesy Bacon Burger with Spicy Chipotle Aiolo Sauce,chipotle chiles in adobo mayonnaise garlic garlic powder greek yogurt bell pepper ground cumin ground pepper ground beef lime juice onion wedges of laughing cow swiss cheese turkey bacon hamburger buns,4,475,49,0.1031578947368421,4,0.22619581053201196,0.0,0.0,0.0,0.0,0.0,0.22619581053201196,0.0,0.0,0.0,0.0,0.19987817336472785,0.0,0.18120551263284912,0.0,0.0,0.0,0.0,0.0,0.0,0.0,0.0,0.0,0.18120551263284912,0.0,0.0,0.0,0.0,0.0,0.0,0.0,0.0,0.0,0.12857023829828096,0.0,0.0,0.0,0.0,0.19987817336472785,0.0,0.19987817336472785,0.0,0.0,0.0,0.0,0.0,0.0,0.0,0.0,0.0,0.0,0.0,0.0,0.0,0.22619581053201196,0.0,0.0,0.0,0.0,0.0,0.19987817336472785,0.0,0.0,0.0,0.0,0.0,0.0,0.0,0.0,0.0,0.0,0.0,0.0,0.0,0.0,0.0,0.19082787335061965,0.0,0.19987817336472785,0.0,0.3296927326992066,0.0,0.0,0.0,0.18120551263284912,0.0,0.0,0.0,0.0,0.0,0.1362152147336863,0.0,0.0,0.22619581053201196,0.0,0.0,0.0,0.0,0.0,0.0,0.18120551263284912,0.0,0.0,0.0,0.0,0.0,0.22619581053201196,0.0,0.0,0.0,0.0,0.0,0.0,0.0,0.0,0.0,0.0,0.0,0.0,0.0,0.0,0.0,0.1047022231541129,0.0,0.0,0.0,0.0,0.0,0.0,0.0,0.0,0.0,0.0,0.0,0.0,0.18244983366904688,0.0,0.0,0.0,0.0,0.0,0.0,0.0,0.1667218717417567,0.0,0.0,0.0,0.0,0.0,0.0,0.0,0.0,0.0,0.0,0.0,0.0,0.0,0.0,0.0,0.0,0.0,0.0,0.0,0.0,0.0,0.0,0.0,0.0,0.0,0.0,0.0,0.0,0.0,0.0,0.0,0.0,0.0,0.0,0.0,0.0,0.0,0.0,0.0,0.22619581053201196,0.0,0.0,0.0,0.0,0.0,0.0,0.0,0.0,0.0,0.0,0.0,0.0,0.1362152147336863,0.0,0.0,0.0,0.0,0.0,0.0,0.0,0.22619581053201196,0.0,0.0,0.0,0.19987817336472785
Turkey Burgers with Slaw,ground turkey olive oil cabbage coconut cream lime juice cilantro coconut lettuce salt,2,422,46,0.10900473933649289,5,0.0,0.0,0.0,0.0,0.0,0.0,0.0,0.0,0.0,0.0,0.0,0.0,0.0,0.0,0.0,0.0,0.0,0.0,0.0,0.0,0.0,0.0,0.0,0.0,0.0,0.36191785030026263,0.0,0.0,0.0,0.0,0.0,0.0,0.0,0.0,0.0,0.0,0.0,0.0,0.0,0.0,0.0,0.0,0.0,0.0,0.0,0.28993246798157,0.0,0.0,0.0,0.0,0.57986493596314,0.0,0.0,0.0,0.0,0.0,0.0,0.26675835099197487,0.0,0.0,0.0,0.0,0.0,0.0,0.0,0.0,0.0,0.0,0.0,0.0,0.0,0.0,0.0,0.0,0.0,0.0,0.0,0.0,0.0,0.0,0.1758383364063665,0.0,0.0,0.0,0.0,0.0,0.0,0.0,0.0,0.0,0.21794708566287746,0.0,0.0,0.0,0.0,0.0,0.0,0.0,0.0,0.28993246798157,0.28993246798157,0.0,0.0,0.0,0.0,0.0,0.0,0.0,0.0,0.0,0.0,0.0,0.0,0.0,0.0,0.0,0.0,0.0,0.0,0.0,0.15266421941677139,0.20571496946854817,0.0,0.0,0.0,0.0,0.0,0.0,0.0,0.0,0.0,0.0,0.0,0.0,0.0,0.0,0.0,0.0,0.0,0.0,0.0,0.0,0.0,0.0,0.0,0.0,0.0,0.0,0.0,0.0,0.0,0.0,0.0,0.13372958714985556,0.0,0.0,0.0,0.0,0.0,0.0,0.0,0.0,0.0,0.0,0.0,0.0,0.0,0.0,0.0,0.0,0.0,0.0,0.0,0.0,0.0,0.0,0.0,0.0,0.0,0.0,0.0,0.0,0.0,0.0,0.0,0.0,0.0,0.0,0.0,0.0,0.0,0.0,0.0,0.0,0.0,0.0,0.21794708566287746,0.0,0.0,0.0,0.0,0.0,0.0,0.0,0.0,0.0,0.0,0.0,0.0
Falafel Burger,chickpeas tahini sriracha sauce garlic parsley onion peanut oil cucumber tomato hamburger buns tzatziki,4,400,11,0.0275,5,0.0,0.0,0.0,0.0,0.0,0.0,0.0,0.0,0.0,0.0,0.0,0.0,0.0,0.0,0.0,0.0,0.0,0.0,0.0,0.0,0.0,0.0,0.0,0.2703717393322425,0.0,0.0,0.0,0.0,0.0,0.0,0.0,0.0,0.0,0.0,0.0,0.0,0.0,0.3375005199048225,0.0,0.0,0.0,0.0,0.0,0.0,0.0,0.0,0.0,0.0,0.0,0.0,0.0,0.0,0.0,0.0,0.0,0.0,0.0,0.0,0.0,0.2982327005507243,0.0,0.0,0.0,0.0,0.0,0.0,0.0,0.0,0.0,0.0,0.0,0.0,0.0,0.0,0.0,0.0,0.14236449896372202,0.0,0.0,0.0,0.0,0.0,0.0,0.0,0.2703717393322425,0.0,0.0,0.0,0.0,0.0,0.0,0.0,0.0,0.0,0.0,0.0,0.0,0.0,0.0,0.0,0.0,0.0,0.0,0.0,0.0,0.0,0.0,0.0,0.0,0.0,0.0,0.0,0.0,0.0,0.0,0.0,0.0,0.0,0.0,0.0,0.14236449896372202,0.0,0.15622329461624948,0.0,0.0,0.0,0.0,0.2487610988904001,0.0,0.0,0.0,0.2982327005507243,0.0,0.0,0.0,0.0,0.0,0.0,0.0,0.0,0.0,0.0,0.0,0.0,0.0,0.0,0.0,0.0,0.0,0.0,0.0,0.0,0.0,0.0,0.21617498792524523,0.0,0.0,0.0,0.0,0.0,0.0,0.0,0.0,0.0,0.0,0.0,0.0,0.0,0.0,0.0,0.0,0.0,0.0,0.0,0.0,0.0,0.3375005199048225,0.0,0.0,0.0,0.0,0.0,0.0,0.0,0.0,0.0,0.3375005199048225,0.0,0.0,0.0,0.0,0.0,0.21617498792524523,0.0,0.0,0.0,0.0,0.0,0.3375005199048225,0.0,0.0,0.0,0.0,0.0,0.0,0.0,0.0,0.0,0.0
Curried Lamb Tarts,vegetable oil cumin seeds garlic ginger onion plum tomatoes salt each: ground coriander each: turmeric each: cream ground lamb each: peas several tart shells,6,545,22,0.04036697247706422,5,0.0,0.0,0.0,0.0,0.0,0.0,0.0,0.0,0.0,0.0,0.0,0.0,0.0,0.0,0.0,0.0,0.0,0.0,0.0,0.0,0.0,0.0,0.0,0.0,0.0,0.0,0.0,0.0,0.0,0.0,0.0,0.0,0.0,0.0,0.0,0.0,0.0,0.0,0.0,0.0,0.0,0.0,0.0,0.0,0.0,0.0,0.0,0.0,0.0,0.0,0.0,0.0,0.29193081444815105,0.0,0.0,0.0,0.0,0.21517309135574422,0.0,0.0,0.2579649808877241,0.0,0.0,0.0,0.0,0.0,0.0,0.0,0.0,0.0,0.0,0.0,0.0,0.0,0.0,0.0,0.12314228180360343,0.21517309135574422,0.0,0.0,0.28367005780859267,0.0,0.0,0.0,0.0,0.0,0.0,0.0,0.0,0.0,0.0,0.0,0.19990000489601026,0.0,0.0,0.0,0.0,0.0,0.0,0.0,0.0,0.0,0.0,0.0,0.0,0.0,0.0,0.0,0.0,0.0,0.0,0.0,0.0,0.0,0.0,0.0,0.0,0.0,0.0,0.0,0.12314228180360343,0.0,0.1351298470472178,0.0,0.0,0.0,0.0,0.0,0.0,0.0,0.0,0.0,0.0,0.2338658384564371,0.0,0.0,0.0,0.0,0.0,0.0,0.2579649808877241,0.0,0.0,0.0,0.0,0.0,0.0,0.0,0.0,0.0,0.0,0.0,0.0,0.10786919534386943,0.0,0.0,0.0,0.0,0.2579649808877241,0.0,0.0,0.0,0.0,0.29193081444815105,0.0,0.0,0.0,0.0,0.0,0.0,0.0,0.0,0.0,0.0,0.0,0.0,0.0,0.0,0.0,0.0,0.0,0.0,0.0,0.0,0.0,0.0,0.0,0.0,0.29193081444815105,0.0,0.0,0.0,0.0,0.21517309135574422,0.0,0.0,0.0,0.29193081444815105,0.0,0.29193081444815105,0.0,0.0,0.0,0.0,0.0,0.0,0.0,0.0,0.0
Balsamic Marinated Lamb Chops,lamb loin chops garlic balsamic vinegar dijon mustard each; oregano all of these herbs red wine vinegar olive oil brown sugar kosher salt pepper,2,887,38,0.04284103720405862,3,0.0,0.0,0.0,0.0,0.0,0.0,0.0,0.2646007124834757,0.0,0.0,0.0,0.0,0.0,0.0,0.0,0.0,0.0,0.0,0.0,0.0,0.0,0.0,0.23381470663762716,0.0,0.0,0.0,0.0,0.0,0.0,0.0,0.0,0.0,0.0,0.0,0.0,0.0,0.0,0.0,0.0,0.0,0.0,0.0,0.2646007124834757,0.0,0.0,0.0,0.0,0.0,0.0,0.0,0.0,0.0,0.0,0.0,0.0,0.0,0.0,0.0,0.0,0.0,0.0,0.0,0.0,0.21197168787438575,0.0,0.0,0.0,0.0,0.0,0.0,0.0,0.0,0.0,0.0,0.0,0.0,0.11161389579126282,0.0,0.0,0.0,0.0,0.0,0.0,0.0,0.0,0.0,0.2646007124834757,0.0,0.0,0.0,0.0,0.1950289262462013,0.18118568202853724,0.0,0.0,0.0,0.0,0.0,0.0,0.0,0.0,0.0,0.0,0.2646007124834757,0.0,0.0,0.0,0.0,0.0,0.0,0.0,0.0,0.0,0.0,0.0,0.0,0.1950289262462013,0.0,0.0,0.0,0.11161389579126282,0.15039967618268868,0.0,0.0,0.0,0.23381470663762716,0.0,0.0,0.0,0.0,0.0,0.0,0.0,0.0,0.0,0.10671363865620583,0.0,0.0,0.0,0.0,0.0,0.0,0.0,0.0,0.0,0.2646007124834757,0.0,0.0,0.0,0.0,0.0,0.0,0.0,0.09777065157359871,0.0,0.0,0.0,0.0,0.0,0.0,0.0,0.0,0.0,0.0,0.0,0.0,0.0,0.0,0.0,0.0,0.0,0.0,0.0,0.0,0.0,0.0,0.0,0.0,0.0,0.0,0.0,0.23381470663762716,0.0,0.0,0.0,0.0,0.0,0.0,0.0,0.0,0.0,0.0,0.0,0.0,0.0,0.0,0.0,0.0,0.0,0.0,0.0,0.4676294132752543,0.0,0.0,0.0,0.0,0.21197168787438575,0.0,0.0
Lamb In Red Mole Sauce,chipotle peppers pasilla peppers plum tomatoes garlic oregano cinnamon sesame seeds pepper canola oil mexican chocolate salt tomato sauce canola oil lamb shoulder salt and pepper,4,286,4,0.013986013986013986,4,0.0,0.0,0.0,0.0,0.0,0.0,0.0,0.0,0.0,0.0,0.0,0.0,0.0,0.0,0.0,0.0,0.0,0.0,0.0,0.0,0.0,0.0,0.0,0.0,0.0,0.0,0.0,0.4382838969542628,0.0,0.0,0.0,0.0,0.0,0.0,0.0,0.0,0.0,0.0,0.0,0.0,0.1936450205075632,0.2191419484771314,0.0,0.0,0.0,0.0,0.2191419484771314,0.0,0.0,0.0,0.0,0.0,0.0,0.0,0.0,0.0,0.0,0.0,0.0,0.0,0.0,0.0,0.0,0.0,0.0,0.0,0.0,0.0,0.0,0.0,0.0,0.0,0.0,0.0,0.0,0.0,0.0924384759634701,0.0,0.0,0.0,0.0,0.0,0.0,0.0,0.0,0.0,0.0,0.0,0.0,0.0,0.0,0.0,0.15005773424881166,0.0,0.0,0.0,0.0,0.0,0.0,0.0,0.0,0.0,0.0,0.0,0.0,0.0,0.0,0.0,0.2191419484771314,0.0,0.0,0.0,0.0,0.0,0.0,0.0,0.0,0.0,0.0,0.0,0.1848769519269402,0.0,0.0,0.0,0.0,0.1936450205075632,0.0,0.0,0.2191419484771314,0.0,0.0,0.0,0.0,0.0,0.0,0.17676017940175345,0.0,0.4382838969542628,0.0,0.0,0.1936450205075632,0.0,0.0,0.0,0.0,0.0,0.0,0.0,0.0,0.0,0.0,0.0,0.0,0.16194704004098376,0.140364252118243,0.0,0.0,0.0,0.1936450205075632,0.0,0.1936450205075632,0.0,0.0,0.0,0.2191419484771314,0.0,0.0,0.0,0.0,0.0,0.0,0.0,0.0,0.0,0.0,0.0,0.0,0.0,0.0,0.0,0.0,0.0,0.0,0.0,0.0,0.0,0.0,0.0,0.0,0.0,0.0,0.0,0.140364252118243,0.16152269019178986,0.0,0.0,0.0,0.0,0.0,0.0,0.0,0.0,0.0,0.0,0.0,0.0,0.0,0.0,0.0
LAMB AND KIDNEY HOT- POT,butter ground pepper middle neck of lamb onions potatoes salt water plus,4,705,35,0.04964539007092199,2,0.0,0.0,0.0,0.0,0.0,0.0,0.0,0.0,0.0,0.0,0.0,0.0,0.0,0.0,0.0,0.0,0.0,0.0,0.0,0.0,0.0,0.0,0.0,0.0,0.2532132498312577,0.0,0.0,0.0,0.0,0.0,0.0,0.0,0.0,0.0,0.0,0.0,0.0,0.0,0.0,0.0,0.0,0.0,0.0,0.0,0.0,0.0,0.0,0.0,0.0,0.0,0.0,0.0,0.0,0.0,0.0,0.0,0.0,0.0,0.0,0.0,0.0,0.0,0.0,0.0,0.0,0.0,0.0,0.0,0.0,0.0,0.0,0.0,0.0,0.0,0.0,0.0,0.0,0.0,0.0,0.0,0.19206975949860877,0.0,0.0,0.0,0.0,0.0,0.0,0.0,0.0,0.0,0.0,0.0,0.27070002495684187,0.0,0.0,0.0,0.0,0.0,0.0,0.0,0.0,0.0,0.0,0.0,0.0,0.0,0.0,0.0,0.0,0.39532604712989133,0.0,0.0,0.0,0.0,0.0,0.0,0.0,0.0,0.39532604712989133,0.0,0.0,0.0,0.0,0.3493302904150749,0.0,0.0,0.0,0.0,0.0,0.0,0.0,0.0,0.0,0.0,0.0,0.15943525075519202,0.0,0.0,0.0,0.0,0.0,0.3493302904150749,0.3493302904150749,0.0,0.0,0.0,0.0,0.0,0.0,0.0,0.0,0.0,0.0,0.14607400278379234,0.0,0.0,0.0,0.0,0.0,0.0,0.0,0.0,0.0,0.0,0.0,0.0,0.0,0.0,0.0,0.0,0.0,0.0,0.0,0.0,0.0,0.0,0.0,0.0,0.0,0.0,0.0,0.0,0.0,0.0,0.0,0.0,0.0,0.0,0.0,0.0,0.0,0.0,0.0,0.0,0.0,0.0,0.0,0.0,0.0,0.0,0.0,0.0,0.0,0.31669578167165824,0.0,0.0,0.0,0.0,0.0
Boozy Bbq Chicken,white wine beer broccoli slow cook brown rice cherry tomotoes dijon mustard ginger garlic bell pepper ground pepper lemon soy sauce molasses bite sized mushrooms olive oil orange orange juice pepper bell pepper onion newman's own salad dressing salt tabasco sauce water white wine chicken wooden skewers wooden skewers,6,725,32,0.044137931034482755,10,0.0,0.0,0.0,0.0,0.0,0.0,0.0,0.0,0.0,0.0,0.0,0.0,0.1505798621423404,0.24125912011818587,0.1505798621423404,0.0,0.0,0.0,0.0,0.0,0.12062956005909294,0.0,0.1330600585383699,0.0,0.0,0.0,0.0,0.0,0.0,0.0,0.0,0.0,0.0,0.0,0.1505798621423404,0.0,0.08103741428488462,0.0,0.0,0.0,0.0,0.0,0.0,0.0,0.0,0.0,0.0,0.0,0.0,0.0,0.0,0.1505798621423404,0.0,0.0,0.0,0.0,0.0,0.0,0.0,0.0,0.0,0.0,0.0,0.12062956005909294,0.0,0.1505798621423404,0.0,0.0,0.0,0.0,0.0,0.0,0.0,0.0,0.0,0.0,0.06351761068091413,0.11098771636813208,0.0,0.0,0.07315945437187499,0.0,0.0,0.0,0.0,0.0,0.0,0.0,0.0,0.0,0.09067925797584549,0.0,0.0,0.0,0.0,0.0,0.0,0.0,0.1330600585383699,0.0,0.0,0.0,0.0,0.0,0.0,0.0,0.0,0.0,0.0,0.0,0.0,0.0,0.1505798621423404,0.0,0.0,0.1505798621423404,0.11098771636813208,0.0,0.0,0.1505798621423404,0.06351761068091413,0.08558995285115195,0.06970087682641506,0.0,0.24125912011818587,0.0,0.0,0.0,0.0,0.0,0.0,0.0,0.0,0.0,0.0,0.24291582357039201,0.0,0.0,0.0,0.0,0.0,0.0,0.0,0.0,0.0,0.0,0.0,0.11098771636813208,0.0,0.0,0.0,0.1505798621423404,0.0,0.05563965076790448,0.19289807251014196,0.0,0.0,0.0,0.0,0.0,0.0,0.0,0.0,0.0,0.0,0.1505798621423404,0.3011597242846808,0.0,0.0,0.0,0.1505798621423404,0.0,0.1505798621423404,0.0,0.0,0.0,0.0,0.0,0.0,0.0,0.0,0.0,0.0,0.0,0.0,0.1505798621423404,0.0,0.0,0.0,0.0,0.0,0.0,0.0,0.0,0.1505798621423404,0.0,0.0,0.0,0.0,0.0,0.0,0.0,0.0,0.12062956005909294,0.0,0.2661201170767398,0.24125912011818587,0.3011597242846808,0.0
Easy Baked Parmesan Chicken,chicken breast halves egg bread crumbs pasta sauce mozzarella cheese parmesan cheese,4,497,62,0.12474849094567404,0,0.0,0.0,0.0,0.0,0.0,0.0,0.0,0.0,0.0,0.0,0.0,0.0,0.0,0.0,0.0,0.0,0.0,0.2908935481595311,0.2908935481595311,0.0,0.0,0.0,0.0,0.0,0.0,0.0,0.0,0.0,0.0,0.0,0.0,0.0,0.0,0.4127937639743023,0.0,0.0,0.1954186101935222,0.0,0.0,0.0,0.0,0.0,0.0,0.0,0.0,0.0,0.0,0.0,0.0,0.0,0.0,0.0,0.0,0.0,0.0,0.0,0.0,0.0,0.2908935481595311,0.0,0.0,0.0,0.0,0.0,0.0,0.0,0.0,0.2676426126451412,0.0,0.0,0.0,0.0,0.0,0.0,0.0,0.0,0.0,0.0,0.0,0.0,0.0,0.0,0.0,0.3208692175249601,0.0,0.0,0.0,0.0,0.0,0.0,0.0,0.0,0.0,0.0,0.0,0.0,0.0,0.0,0.0,0.0,0.0,0.0,0.0,0.0,0.0,0.0,0.0,0.0,0.0,0.0,0.0,0.0,0.0,0.0,0.3208692175249601,0.0,0.0,0.0,0.0,0.0,0.0,0.0,0.0,0.0,0.0,0.0,0.3208692175249601,0.0,0.0,0.3208692175249601,0.0,0.0,0.0,0.0,0.0,0.0,0.0,0.0,0.0,0.0,0.0,0.0,0.0,0.0,0.0,0.0,0.0,0.0,0.0,0.0,0.0,0.0,0.0,0.0,0.23258314428951601,0.0,0.0,0.0,0.0,0.0,0.0,0.0,0.0,0.0,0.0,0.0,0.0,0.0,0.0,0.0,0.0,0.0,0.0,0.0,0.0,0.0,0.0,0.0,0.0,0.0,0.0,0.0,0.0,0.0,0.0,0.0,0.0,0.0,0.0,0.0,0.0,0.0,0.0,0.0,0.0,0.0,0.0,0.0,0.0,0.0,0.0,0.0,0.0,0.0,0.0,0.0,0.0,0.0,0.0
Moroccan Chicken Tagine,moroccan spice mixture almond slivers apricot halves chick peas canned tomatoes cilantro extra virgin olive oil chicken broth flour ginger root garlic clove salt and ground pepper honey onion chicken breasts,6,224,14,0.0625,5,0.0,0.2225465964811731,0.0,0.2225465964811731,0.0,0.0,0.0,0.0,0.0,0.0,0.0,0.0,0.0,0.0,0.0,0.0,0.0,0.0,0.0,0.2225465964811731,0.0,0.19665354140986083,0.0,0.0,0.0,0.0,0.19665354140986083,0.0,0.0,0.0,0.0,0.0,0.0,0.0,0.0,0.2225465964811731,0.2395353599100534,0.0,0.0,0.0,0.0,0.0,0.0,0.0,0.0,0.1782821264691798,0.0,0.2225465964811731,0.0,0.0,0.0,0.0,0.0,0.0,0.0,0.0,0.0,0.0,0.0,0.0,0.0,0.0,0.0,0.0,0.0,0.0,0.0,0.0,0.0,0.0,0.1782821264691798,0.0,0.0,0.15238907139786756,0.0,0.0,0.09387462488371448,0.16403214996702,0.0,0.0,0.10812460138587426,0.0,0.0,0.19665354140986083,0.0,0.0,0.0,0.0,0.2225465964811731,0.0,0.0,0.0,0.0,0.0,0.0,0.0,0.0,0.0,0.0,0.0,0.0,0.0,0.0,0.0,0.0,0.0,0.0,0.0,0.0,0.0,0.0,0.2225465964811731,0.0,0.2225465964811731,0.0,0.0,0.0,0.0,0.0,0.0,0.09387462488371448,0.12649601632655533,0.10301306355832109,0.0,0.0,0.0,0.0,0.0,0.0,0.0,0.0,0.0,0.0,0.1782821264691798,0.0,0.08975318644519319,0.0,0.0,0.0,0.0,0.0,0.0,0.0,0.0,0.0,0.0,0.0,0.0,0.0,0.0,0.2225465964811731,0.0,0.0,0.08223154631456203,0.0,0.0,0.0,0.0,0.0,0.0,0.0,0.0,0.0,0.0,0.0,0.0,0.0,0.0,0.0,0.2225465964811731,0.0,0.0,0.0,0.2225465964811731,0.0,0.0,0.0,0.0,0.0,0.0,0.0,0.0,0.0,0.0,0.0,0.0,0.0,0.0,0.0,0.0,0.0,0.0,0.0,0.16403214996702,0.0,0.0,0.0,0.0,0.0,0.0,0.0,0.0,0.19665354140986083,0.0,0.0,0.0,0.0,0.0,0.0
Cassoulet with Chicken or Duck,beans water beef broth tomato paste onion celery thyme sprigs bay leaf cloves flat-leaf parsley sprigs plus peppercorns canned tomatoes duck legs olive oil chicken sausage coarse bread crumbs salt pepper,8,651,51,0.07834101382488479,4,0.0,0.0,0.0,0.0,0.0,0.0,0.0,0.0,0.0,0.17686279786248665,0.17686279786248665,0.17686279786248665,0.0,0.0,0.0,0.0,0.0,0.16034023832042588,0.0,0.0,0.0,0.17686279786248665,0.0,0.0,0.0,0.0,0.17686279786248665,0.0,0.0,0.0,0.0,0.17686279786248665,0.0,0.0,0.0,0.0,0.10771454619368845,0.0,0.0,0.0,0.0,0.0,0.0,0.0,0.0,0.0,0.0,0.0,0.20015003760547811,0.20015003760547811,0.0,0.0,0.0,0.0,0.0,0.0,0.0,0.0,0.16034023832042588,0.0,0.0,0.0,0.0,0.0,0.0,0.0,0.20015003760547811,0.0,0.0,0.0,0.0,0.0,0.16034023832042588,0.0,0.0,0.0,0.0,0.0,0.0,0.0,0.0,0.0,0.0,0.0,0.0,0.0,0.0,0.0,0.0,0.0,0.0,0.0,0.0,0.0,0.32068047664085175,0.0,0.0,0.20015003760547811,0.0,0.0,0.0,0.0,0.0,0.0,0.0,0.0,0.0,0.0,0.0,0.0,0.0,0.0,0.0,0.0,0.0,0.0,0.0,0.0,0.0,0.0,0.084427306450697,0.11376575883444294,0.09264607444489817,0.0,0.0,0.0,0.0,0.14752434547874071,0.0,0.0,0.20015003760547811,0.0,0.0,0.0,0.0,0.08072063975032136,0.20015003760547811,0.0,0.0,0.0,0.0,0.17686279786248665,0.0,0.0,0.0,0.0,0.0,0.0,0.0,0.0,0.0,0.0,0.0,0.07395595954939067,0.0,0.17686279786248665,0.0,0.0,0.0,0.0,0.0,0.0,0.0,0.0,0.0,0.0,0.0,0.0,0.0,0.0,0.0,0.0,0.0,0.0,0.0,0.40030007521095623,0.0,0.0,0.0,0.0,0.0,0.0,0.0,0.0,0.0,0.0,0.0,0.0,0.0,0.0,0.0,0.17686279786248665,0.12819960092151364,0.14752434547874071,0.0,0.0,0.0,0.0,0.0,0.0,0.0,0.0,0.0,0.16034023832042588,0.0,0.0,0.0,0.0,0.0
Maple-Glazed Thanksgiving Turkey,turkey butter orange juice natural maple syrup thyme kosher salt freshly cracked pepper bay leaves celery onion carrots garlic chicken stock,12,158,8,0.05063291139240506,5,0.0,0.0,0.0,0.0,0.0,0.0,0.0,0.0,0.0,0.2453808756169974,0.0,0.0,0.0,0.0,0.0,0.0,0.0,0.0,0.0,0.0,0.0,0.0,0.0,0.0,0.17786516275926764,0.0,0.0,0.0,0.2776897803041272,0.0,0.0,0.2453808756169974,0.0,0.0,0.0,0.0,0.1494440322166866,0.0,0.0,0.0,0.0,0.0,0.0,0.0,0.0,0.0,0.0,0.0,0.0,0.0,0.0,0.0,0.0,0.0,0.0,0.2776897803041272,0.0,0.0,0.0,0.0,0.0,0.0,0.0,0.0,0.0,0.0,0.0,0.0,0.0,0.0,0.0,0.0,0.0,0.0,0.0,0.2776897803041272,0.11713512752955682,0.0,0.0,0.0,0.0,0.0,0.0,0.0,0.0,0.0,0.0,0.0,0.0,0.0,0.16722490555643454,0.20467646959053296,0.0,0.0,0.0,0.0,0.2453808756169974,0.0,0.0,0.0,0.0,0.0,0.0,0.0,0.2776897803041272,0.0,0.0,0.0,0.0,0.0,0.0,0.0,0.0,0.0,0.0,0.0,0.0,0.2776897803041272,0.0,0.0,0.0,0.0,0.12853791269005208,0.0,0.22245734293028085,0.0,0.0,0.0,0.0,0.0,0.0,0.0,0.0,0.0,0.0,0.11199246818258816,0.0,0.0,0.0,0.0,0.0,0.0,0.0,0.0,0.0,0.0,0.0,0.0,0.0,0.0,0.0,0.0,0.0,0.1026070961821749,0.0,0.0,0.0,0.0,0.0,0.0,0.0,0.0,0.0,0.0,0.0,0.0,0.0,0.0,0.0,0.0,0.0,0.0,0.0,0.0,0.0,0.0,0.0,0.0,0.0,0.20467646959053296,0.0,0.0,0.0,0.0,0.2776897803041272,0.0,0.0,0.0,0.0,0.0,0.0,0.2453808756169974,0.0,0.0,0.0,0.0,0.16722490555643454,0.0,0.0,0.0,0.0,0.0,0.0,0.0,0.0,0.0,0.0,0.0,0.0
Cheesy Fish Balls,fish potatoes cheese egg n semolina sunflower oil substitute the cheese,24,46,4,0.08695652173913043,1,0.0,0.0,0.0,0.0,0.0,0.0,0.0,0.0,0.0,0.0,0.0,0.0,0.0,0.0,0.0,0.0,0.0,0.0,0.0,0.0,0.0,0.0,0.0,0.0,0.0,0.0,0.0,0.0,0.0,0.0,0.0,0.0,0.0,0.4433341647951752,0.0,0.0,0.0,0.0,0.0,0.0,0.0,0.0,0.0,0.0,0.0,0.0,0.0,0.0,0.0,0.0,0.0,0.0,0.0,0.0,0.0,0.0,0.0,0.0,0.0,0.0,0.0,0.0,0.0,0.0,0.0,0.0,0.0,0.28744405680512874,0.0,0.0,0.0,0.3446086132463116,0.0,0.0,0.0,0.0,0.0,0.0,0.0,0.0,0.0,0.0,0.0,0.0,0.0,0.0,0.0,0.0,0.0,0.0,0.0,0.0,0.0,0.0,0.0,0.0,0.0,0.0,0.0,0.0,0.0,0.0,0.0,0.0,0.0,0.0,0.0,0.0,0.0,0.0,0.0,0.0,0.0,0.0,0.0,0.0,0.0,0.0,0.0,0.0,0.16450252595640474,0.0,0.0,0.0,0.0,0.0,0.0,0.0,0.0,0.0,0.0,0.0,0.0,0.0,0.0,0.0,0.0,0.0,0.0,0.0,0.0,0.0,0.3446086132463116,0.0,0.0,0.0,0.0,0.0,0.0,0.0,0.0,0.0,0.0,0.0,0.0,0.0,0.0,0.0,0.0,0.3899826743329525,0.0,0.0,0.0,0.0,0.0,0.0,0.0,0.0,0.0,0.0,0.0,0.0,0.0,0.0,0.0,0.0,0.0,0.0,0.0,0.0,0.3899826743329525,0.0,0.3899826743329525,0.0,0.0,0.0,0.0,0.0,0.0,0.0,0.0,0.0,0.0,0.0,0.0,0.0,0.0,0.0,0.0,0.0,0.0,0.0,0.0,0.0,0.0,0.0,0.0,0.0,0.0
Cheesy Cauliflower,all purpose flour cauliflower cayenne pepper cheese mustard powder salt and pepper butter milk,6,227,12,0.05286343612334802,1,0.0,0.0,0.0,0.0,0.0,0.0,0.0,0.0,0.0,0.0,0.0,0.0,0.0,0.0,0.0,0.0,0.0,0.0,0.0,0.0,0.0,0.0,0.0,0.0,0.24712786345412727,0.0,0.0,0.0,0.0,0.38582531309116214,0.38582531309116214,0.0,0.0,0.219304028350336,0.0,0.0,0.0,0.0,0.0,0.0,0.0,0.0,0.0,0.0,0.0,0.0,0.0,0.0,0.0,0.0,0.0,0.0,0.0,0.0,0.0,0.0,0.0,0.0,0.0,0.0,0.0,0.0,0.0,0.0,0.0,0.0,0.0,0.0,0.0,0.0,0.0,0.0,0.0,0.26419438496660036,0.0,0.0,0.0,0.0,0.0,0.0,0.0,0.0,0.0,0.0,0.0,0.0,0.0,0.0,0.0,0.0,0.0,0.0,0.0,0.0,0.0,0.0,0.0,0.0,0.0,0.0,0.0,0.0,0.0,0.0,0.0,0.0,0.0,0.0,0.0,0.0,0.3090847415828647,0.0,0.0,0.0,0.0,0.0,0.2843797955966311,0.0,0.0,0.0,0.0,0.0,0.0,0.0,0.0,0.0,0.0,0.0,0.0,0.0,0.0,0.0,0.0,0.0,0.0,0.3112071971325398,0.0,0.0,0.0,0.0,0.0,0.0,0.0,0.2843797955966311,0.38582531309116214,0.0,0.0,0.0,0.0,0.0,0.0,0.0,0.0,0.14256345684203858,0.0,0.0,0.0,0.0,0.0,0.0,0.0,0.0,0.0,0.0,0.0,0.0,0.0,0.0,0.0,0.0,0.0,0.0,0.0,0.0,0.0,0.0,0.0,0.0,0.0,0.0,0.0,0.0,0.0,0.0,0.0,0.0,0.0,0.0,0.0,0.0,0.0,0.0,0.0,0.0,0.0,0.0,0.0,0.0,0.0,0.0,0.0,0.0,0.0,0.0,0.0,0.0,0.0,0.0,0.0
Cheesy Beef Burrito,peanut oil stew meat onion garlic enchilada sauce tomato juice chiles salsa verde salt chili powder flour tortillas sharp cheddar cheese onion rice refried black beans tomato romaine lettuce green onions cream,4,824,68,0.0825242718446602,6,0.0,0.0,0.0,0.0,0.0,0.0,0.0,0.0,0.0,0.0,0.18624046334556638,0.0,0.0,0.0,0.0,0.210762445199241,0.0,0.0,0.0,0.0,0.0,0.0,0.0,0.0,0.0,0.0,0.0,0.0,0.0,0.0,0.0,0.0,0.18624046334556638,0.11979787662671955,0.0,0.0,0.0,0.0,0.18624046334556638,0.210762445199241,0.0,0.0,0.0,0.0,0.0,0.0,0.0,0.0,0.0,0.0,0.0,0.0,0.0,0.0,0.0,0.0,0.0,0.15534641987329798,0.0,0.0,0.0,0.0,0.0,0.0,0.0,0.0,0.0,0.0,0.210762445199241,0.0,0.0,0.0,0.0,0.14431985848039416,0.0,0.0,0.08890383315445116,0.0,0.0,0.210762445199241,0.0,0.0,0.0,0.0,0.0,0.0,0.0,0.0,0.0,0.0,0.12692123546889658,0.0,0.0,0.0,0.0,0.0,0.0,0.0,0.0,0.16884184033406877,0.0,0.0,0.0,0.0,0.0,0.0,0.0,0.210762445199241,0.0,0.0,0.0,0.0,0.0,0.0,0.0,0.0,0.0,0.0,0.0,0.0,0.08890383315445116,0.0,0.19511675762566247,0.18624046334556638,0.0,0.0,0.0,0.0,0.0,0.0,0.0,0.18624046334556638,0.0,0.0,0.0,0.0,0.0,0.0,0.0,0.0,0.0,0.0,0.0,0.15534641987329798,0.0,0.0,0.210762445199241,0.15534641987329798,0.0,0.210762445199241,0.0,0.0,0.18624046334556638,0.07787727176154732,0.13499703366054003,0.0,0.0,0.0,0.0,0.0,0.0,0.0,0.210762445199241,0.0,0.0,0.0,0.0,0.0,0.0,0.0,0.0,0.0,0.0,0.0,0.0,0.0,0.0,0.0,0.210762445199241,0.0,0.0,0.0,0.0,0.0,0.0,0.0,0.0,0.0,0.0,0.0,0.0,0.0,0.26999406732108006,0.0,0.0,0.210762445199241,0.0,0.0,0.0,0.0,0.210762445199241,0.0,0.0,0.0,0.0,0.0,0.0,0.0,0.0
Cheesy Mexican Penne,penne flour butter half and half cheddar cheese onion bell pepper jalapeno roma tomato dijon mustard habanero salsa salt and pepper cilantro,6,598,20,0.033444816053511704,4,0.0,0.0,0.0,0.0,0.0,0.0,0.0,0.0,0.0,0.0,0.0,0.0,0.0,0.20934141886399155,0.0,0.0,0.0,0.0,0.0,0.0,0.0,0.0,0.0,0.0,0.16737836138845438,0.0,0.0,0.0,0.0,0.0,0.0,0.0,0.23091339664094587,0.14853342880124085,0.0,0.0,0.0,0.0,0.0,0.0,0.0,0.0,0.0,0.0,0.0,0.20934141886399155,0.0,0.0,0.0,0.0,0.0,0.0,0.0,0.0,0.0,0.0,0.0,0.0,0.0,0.0,0.0,0.0,0.0,0.20934141886399155,0.0,0.0,0.0,0.0,0.0,0.0,0.0,0.0,0.0,0.1789374238326162,0.0,0.0,0.0,0.0,0.0,0.0,0.0,0.2613173916723212,0.5226347833446424,0.0,0.0,0.0,0.0,0.0,0.0,0.2613173916723212,0.0,0.0,0.0,0.0,0.0,0.0,0.0,0.0,0.0,0.0,0.0,0.0,0.0,0.0,0.0,0.0,0.0,0.0,0.0,0.0,0.0,0.0,0.0,0.0,0.0,0.0,0.19260889295788863,0.0,0.0,0.0,0.0,0.0,0.12095941031168636,0.0,0.0,0.0,0.0,0.0,0.0,0.0,0.0,0.0,0.0,0.0,0.2613173916723212,0.21077894649466436,0.0,0.0,0.0,0.0,0.0,0.0,0.0,0.0,0.0,0.0,0.0,0.0,0.2613173916723212,0.0,0.0,0.0,0.23091339664094587,0.09655745599291117,0.0,0.0,0.0,0.0,0.0,0.0,0.0,0.0,0.0,0.0,0.0,0.0,0.0,0.0,0.0,0.0,0.0,0.0,0.0,0.0,0.0,0.0,0.0,0.0,0.0,0.0,0.0,0.0,0.0,0.0,0.0,0.0,0.0,0.0,0.0,0.0,0.0,0.0,0.16737836138845438,0.0,0.0,0.0,0.0,0.0,0.0,0.0,0.0,0.0,0.0,0.0,0.0,0.0,0.0,0.0,0.0
Cheesy Chicken Noodles,basil broccoli cheese soup pasta garlic heavy cream milk onion salt & pepper chicken breast,6,472,32,0.06779661016949153,3,0.0,0.0,0.0,0.0,0.0,0.0,0.0,0.0,0.36385346529265106,0.0,0.0,0.0,0.0,0.0,0.0,0.0,0.0,0.0,0.2914830895697003,0.0,0.2914830895697003,0.0,0.0,0.0,0.0,0.0,0.0,0.0,0.0,0.0,0.0,0.0,0.0,0.20681517764764654,0.0,0.0,0.19581465666397746,0.0,0.0,0.0,0.0,0.0,0.0,0.0,0.0,0.0,0.0,0.0,0.0,0.0,0.0,0.0,0.0,0.0,0.0,0.0,0.0,0.2681850323869282,0.0,0.0,0.0,0.0,0.0,0.0,0.0,0.0,0.0,0.0,0.0,0.0,0.0,0.0,0.0,0.0,0.0,0.0,0.15348070070295058,0.0,0.0,0.0,0.0,0.0,0.0,0.0,0.0,0.36385346529265106,0.0,0.0,0.0,0.0,0.0,0.0,0.0,0.0,0.0,0.0,0.0,0.0,0.0,0.0,0.0,0.0,0.0,0.0,0.0,0.0,0.0,0.0,0.0,0.0,0.2914830895697003,0.0,0.0,0.0,0.0,0.0,0.0,0.0,0.0,0.0,0.0,0.0,0.1684216282736011,0.0,0.0,0.0,0.0,0.0,0.0,0.3215195093316241,0.0,0.0,0.0,0.0,0.0,0.14674233812379892,0.0,0.0,0.0,0.0,0.0,0.0,0.0,0.0,0.0,0.0,0.0,0.0,0.0,0.0,0.0,0.0,0.0,0.13444480192469582,0.0,0.0,0.0,0.0,0.0,0.0,0.0,0.0,0.0,0.0,0.0,0.0,0.0,0.0,0.0,0.0,0.0,0.36385346529265106,0.0,0.0,0.0,0.0,0.0,0.0,0.0,0.0,0.0,0.0,0.0,0.0,0.0,0.0,0.0,0.0,0.0,0.0,0.0,0.0,0.0,0.0,0.0,0.0,0.0,0.0,0.0,0.0,0.0,0.0,0.0,0.0,0.0,0.0,0.0,0.0,0.0
Asian Lettuce Wraps,broccoli slaw chicken stock coconut aminos garlic lettuce ground ginger extra-lean ground turkey lime juice orange marmalade sesame oil tapioca starch thai fish sauce,6,158,25,0.15822784810126583,4,0.0,0.0,0.24826786463707431,0.0,0.0,0.0,0.0,0.0,0.0,0.0,0.0,0.0,0.0,0.0,0.0,0.0,0.0,0.0,0.0,0.0,0.1988874399398174,0.0,0.0,0.0,0.0,0.0,0.0,0.0,0.0,0.0,0.0,0.0,0.0,0.0,0.0,0.0,0.1336100691950437,0.0,0.0,0.0,0.0,0.0,0.0,0.0,0.0,0.0,0.0,0.0,0.0,0.0,0.1988874399398174,0.0,0.0,0.0,0.0,0.0,0.0,0.0,0.0,0.0,0.0,0.0,0.0,0.0,0.0,0.0,0.0,0.0,0.0,0.0,0.1988874399398174,0.21938216791949416,0.0,0.0,0.0,0.0,0.10472437247746358,0.18299049389230063,0.0,0.0,0.2412426370499607,0.0,0.0,0.0,0.0,0.0,0.0,0.0,0.0,0.0,0.14950701524256052,0.0,0.0,0.0,0.0,0.24826786463707431,0.0,0.0,0.0,0.1988874399398174,0.1988874399398174,0.0,0.0,0.0,0.0,0.24826786463707431,0.0,0.0,0.0,0.0,0.0,0.0,0.0,0.0,0.0,0.0,0.0,0.0,0.0,0.0,0.10472437247746358,0.0,0.0,0.0,0.1988874399398174,0.0,0.0,0.0,0.0,0.0,0.0,0.0,0.0,0.0,0.0,0.0,0.0,0.0,0.0,0.0,0.0,0.0,0.0,0.0,0.0,0.0,0.0,0.0,0.0,0.0,0.0,0.0,0.0,0.0,0.15901991100719215,0.0,0.0,0.0,0.0,0.0,0.21938216791949416,0.0,0.0,0.0,0.0,0.0,0.0,0.0,0.24826786463707431,0.0,0.0,0.0,0.0,0.0,0.0,0.0,0.0,0.24826786463707431,0.0,0.18299049389230063,0.0,0.0,0.0,0.0,0.0,0.0,0.0,0.24826786463707431,0.0,0.0,0.24826786463707431,0.0,0.0,0.0,0.0,0.0,0.14950701524256052,0.0,0.0,0.0,0.0,0.0,0.0,0.0,0.0,0.0,0.0,0.0,0.0
Creamy Risotto With Smoked Turkey Sausage,chicken stock olive oil onion garlic arborio rice white wine evaporated skim milk parmesan cheese ground pepper turkey sausage flat-leaf parsley peas,6,504,29,0.057539682539682536,4,0.0,0.0,0.0,0.0,0.0,0.2834283278739341,0.0,0.0,0.0,0.0,0.0,0.0,0.0,0.0,0.0,0.0,0.0,0.0,0.0,0.0,0.0,0.0,0.0,0.0,0.0,0.0,0.0,0.0,0.0,0.0,0.0,0.0,0.0,0.16110133768404988,0.0,0.0,0.15253234064114493,0.0,0.0,0.0,0.0,0.0,0.0,0.0,0.0,0.0,0.0,0.0,0.0,0.0,0.0,0.0,0.0,0.0,0.0,0.0,0.0,0.0,0.0,0.0,0.0,0.0,0.0,0.0,0.0,0.0,0.0,0.0,0.0,0.2834283278739341,0.0,0.0,0.22705449462689767,0.0,0.0,0.0,0.11955576216972104,0.0,0.0,0.0,0.13770408290843733,0.0,0.0,0.0,0.0,0.0,0.0,0.0,0.0,0.0,0.0,0.0,0.0,0.0,0.22705449462689767,0.0,0.0,0.0,0.0,0.0,0.0,0.0,0.0,0.0,0.0,0.0,0.0,0.0,0.0,0.0,0.22705449462689767,0.0,0.0,0.0,0.0,0.0,0.0,0.0,0.0,0.0,0.11955576216972104,0.16110133768404988,0.13119418950977407,0.0,0.0,0.0,0.2504517494025102,0.2089061738881814,0.0,0.0,0.0,0.0,0.0,0.22705449462689767,0.0,0.11430682813282476,0.0,0.0,0.0,0.0,0.0,0.0,0.0,0.0,0.0,0.0,0.0,0.2089061738881814,0.0,0.0,0.0,0.0,0.0,0.0,0.0,0.2504517494025102,0.0,0.0,0.0,0.0,0.0,0.0,0.0,0.0,0.0,0.0,0.0,0.2834283278739341,0.0,0.0,0.0,0.0,0.0,0.0,0.0,0.0,0.0,0.0,0.0,0.2089061738881814,0.0,0.0,0.0,0.0,0.0,0.0,0.0,0.0,0.0,0.0,0.0,0.0,0.0,0.0,0.0,0.0,0.17068066137986124,0.0,0.0,0.0,0.0,0.0,0.0,0.0,0.0,0.2504517494025102,0.22705449462689767,0.0,0.0
Singapore Curry,butter coconut curry powder flour liquid chutney peanuts pineapple chunks rice salt tomato turkey,4,633,23,0.036334913112164295,1,0.0,0.0,0.0,0.0,0.0,0.0,0.0,0.0,0.0,0.0,0.0,0.0,0.0,0.0,0.0,0.0,0.0,0.0,0.0,0.0,0.0,0.0,0.0,0.0,0.21005961261652753,0.0,0.0,0.0,0.0,0.0,0.0,0.0,0.0,0.0,0.0,0.0,0.0,0.0,0.0,0.0,0.0,0.0,0.0,0.3279529660184355,0.3279529660184355,0.0,0.0,0.0,0.0,0.0,0.2627231918533861,0.0,0.0,0.0,0.0,0.0,0.0,0.0,0.0,0.0,0.0,0.0,0.3279529660184355,0.0,0.0,0.0,0.0,0.0,0.0,0.0,0.0,0.0,0.0,0.22456622003632257,0.0,0.0,0.0,0.0,0.0,0.0,0.0,0.0,0.0,0.0,0.0,0.0,0.0,0.0,0.0,0.0,0.0,0.0,0.0,0.0,0.0,0.0,0.0,0.0,0.0,0.0,0.0,0.3279529660184355,0.0,0.0,0.0,0.0,0.0,0.0,0.0,0.0,0.0,0.0,0.0,0.0,0.0,0.0,0.0,0.0,0.0,0.0,0.0,0.0,0.0,0.0,0.0,0.0,0.0,0.0,0.0,0.0,0.0,0.0,0.3279529660184355,0.0,0.0,0.0,0.0,0.0,0.0,0.2897959942013719,0.0,0.0,0.0,0.24172389492649887,0.0,0.0,0.0,0.24172389492649887,0.0,0.0,0.0,0.0,0.0,0.12117947405420959,0.0,0.0,0.0,0.0,0.0,0.0,0.0,0.0,0.0,0.0,0.0,0.0,0.0,0.0,0.0,0.0,0.0,0.0,0.0,0.0,0.0,0.0,0.0,0.0,0.0,0.0,0.0,0.0,0.0,0.0,0.0,0.0,0.0,0.0,0.0,0.0,0.0,0.0,0.21005961261652753,0.0,0.0,0.0,0.19749341768833675,0.0,0.0,0.0,0.0,0.0,0.0,0.0,0.0,0.0,0.0,0.0,0.0
Gluten Free Fruit Stuffed Turkey Breast with Hibiscus Sauce,butter cornstarch apricots cranberries pineapple ground pepper hibiscus petals kosher salt salt shallot spinach leaves sugar lobe turkey breast turkey stock vinegar foil foil,4,466,47,0.10085836909871244,4,0.0,0.0,0.0,0.0,0.22554732369856517,0.0,0.0,0.0,0.0,0.0,0.0,0.0,0.0,0.0,0.0,0.0,0.0,0.0,0.18068600969062398,0.0,0.0,0.0,0.0,0.0,0.14446700701634094,0.0,0.0,0.0,0.0,0.0,0.0,0.0,0.0,0.0,0.0,0.0,0.0,0.0,0.0,0.0,0.0,0.0,0.0,0.0,0.0,0.0,0.0,0.0,0.0,0.0,0.0,0.0,0.0,0.22554732369856517,0.0,0.0,0.22554732369856517,0.0,0.0,0.0,0.0,0.0,0.0,0.0,0.0,0.0,0.0,0.0,0.0,0.0,0.0,0.0,0.0,0.0,0.45109464739713034,0.0,0.0,0.0,0.0,0.0,0.1095825092549605,0.0,0.0,0.0,0.0,0.0,0.0,0.22554732369856517,0.0,0.0,0.0,0.16624389233790374,0.0,0.0,0.0,0.0,0.19930513727084284,0.0,0.0,0.0,0.0,0.0,0.22554732369856517,0.0,0.0,0.0,0.0,0.0,0.0,0.0,0.0,0.0,0.0,0.0,0.0,0.0,0.0,0.0,0.0,0.0,0.0,0.0,0.0,0.0,0.0,0.0,0.0,0.0,0.0,0.0,0.0,0.0,0.0,0.0,0.0,0.09096338167474163,0.0,0.0,0.22554732369856517,0.19930513727084284,0.0,0.0,0.0,0.0,0.0,0.0,0.0,0.0,0.0,0.0,0.0,0.0,0.0,0.16668064565447638,0.0,0.0,0.0,0.0,0.0,0.0,0.0,0.22554732369856517,0.0,0.0,0.0,0.0,0.0,0.0,0.0,0.0,0.0,0.0,0.0,0.0,0.22554732369856517,0.0,0.0,0.0,0.0,0.16624389233790374,0.0,0.19930513727084284,0.0,0.0,0.0,0.0,0.0,0.0,0.0,0.0,0.0,0.0,0.0,0.0,0.0,0.0,0.27164939136536564,0.0,0.0,0.0,0.0,0.19930513727084284,0.0,0.0,0.0,0.0,0.0,0.0,0.0
